person_id,dist_m,frame,H0,S0,V0,H1,S1,V1,H2,S2,V2,H3,S3,V3,H4,S4,V4,H5,S5,V5,H6,S6,V6,H7,S7,V7,H8,S8,V8,H9,S9,V9,H10,S10,V10,H11,S11,V11
0,2.29,394,82.78,33.53,154.87,88.84,36.62,152.69,107.84,76.64,30.59,103.79,86.84,19.58,81.58,89.69,25.12,68.99,99.26,29.09,85.36,120.97,29.95,95.89,134.14,26.70,96.14,130.58,22.57,89.56,126.36,26.09,82.88,120.75,29.61,76.82,116.77,33.67
0,2.30,599,101.34,64.46,71.56,68.86,70.83,51.12,83.13,88.99,37.58,90.16,102.60,25.12,78.87,107.72,23.96,62.36,107.05,25.79,83.24,128.12,25.16,95.38,144.03,24.22,93.81,141.47,20.92,94.32,140.58,18.81,90.10,143.94,21.32,76.53,136.52,32.62
0,2.59,624,57.48,72.35,57.50,70.63,83.57,46.68,68.41,87.72,40.08,52.04,92.25,44.93,55.95,95.35,39.35,75.82,111.24,33.20,83.70,126.55,33.53,88.40,135.35,31.37,91.77,145.31,26.87,93.12,143.51,21.92,86.33,138.90,23.46,82.21,144.62,28.72
0,2.28,644,107.84,46.15,148.79,118.66,83.12,45.77,61.46,76.98,53.70,57.81,80.21,49.18,46.51,88.39,45.94,68.51,82.00,22.64,87.91,88.68,18.33,88.95,104.18,21.49,91.21,109.52,20.78,92.10,111.19,21.36,81.89,112.21,25.81,76.10,127.07,35.39
0,2.48,662,109.38,63.95,106.26,88.74,72.34,50.71,54.26,70.52,61.42,42.60,77.96,58.90,41.18,82.00,57.36,45.32,85.90,52.96,55.34,92.13,53.14,56.24,100.77,53.79,52.97,103.08,55.50,53.46,105.16,54.06,55.20,105.56,49.48,67.13,119.41,43.18
0,2.50,679,88.90,40.55,151.89,113.79,76.61,59.47,61.04,72.44,50.61,49.52,77.47,52.31,50.21,84.36,47.04,64.25,77.82,31.29,86.36,90.68,23.83,84.07,106.26,28.14,86.72,122.87,28.38,87.33,127.77,26.71,86.59,126.08,25.53,80.37,128.38,30.72
0,2.27,696,104.78,48.36,130.77,94.36,51.54,117.57,96.56,82.51,50.23,91.42,87.28,25.87,69.43,94.16,27.99,70.49,98.37,24.28,89.66,100.90,16.85,98.88,115.01,16.73,95.13,123.85,18.82,95.32,124.08,18.58,90.43,110.86,18.79,69.22,122.79,38.18
0,2.60,710,68.09,69.66,67.88,81.02,80.49,45.80,87.83,81.23,34.89,73.15,89.24,33.38,74.80,94.86,30.86,77.22,94.90,30.64,81.33,95.19,27.74,84.17,117.99,27.28,81.76,123.96,27.68,76.05,125.50,30.32,69.83,115.26,36.48,59.06,113.24,45.77
0,2.54,725,60.65,70.58,62.08,56.15,69.82,62.82,85.74,75.00,39.35,73.25,83.12,34.61,66.89,90.23,33.87,71.65,89.88,30.21,80.80,106.16,28.84,87.33,115.95,28.12,86.47,126.66,28.02,84.63,129.96,28.24,80.87,133.90,29.92,77.19,132.21,33.26
0,2.52,742,57.30,64.06,68.42,71.86,76.02,54.79,102.34,88.62,22.54,90.90,95.43,18.87,74.40,99.42,24.02,64.29,98.38,28.66,88.21,122.00,25.78,99.03,147.27,24.05,101.12,147.60,17.37,100.53,150.24,18.30,92.94,141.42,23.98,82.17,128.48,27.19
0,2.68,757,60.33,67.28,87.29,83.03,93.54,36.54,74.72,80.32,40.31,68.93,84.92,38.46,62.41,87.71,39.49,56.76,96.27,40.64,72.96,115.54,39.43,77.24,121.39,35.01,77.53,116.25,32.91,75.89,114.81,33.69,71.93,108.04,35.22,64.98,107.17,39.94
0,2.66,769,75.32,47.25,129.73,91.02,85.03,42.89,92.85,78.00,28.49,100.95,89.89,18.49,81.86,93.26,21.91,66.34,100.49,26.18,84.54,116.69,24.56,97.05,126.45,20.96,97.39,125.86,18.40,96.59,126.03,17.84,90.30,118.76,20.80,71.67,115.77,35.73
0,2.93,785,36.15,69.90,61.38,40.39,67.67,62.48,93.41,78.55,25.80,99.96,89.96,17.10,85.42,93.32,19.30,69.66,101.07,24.59,83.00,118.41,25.71,100.03,137.40,21.25,99.36,137.14,19.39,98.02,132.61,18.70,87.80,125.26,24.26,81.16,115.68,27.65
0,3.38,812,24.84,71.00,64.67,21.48,79.65,67.32,84.58,76.02,30.16,101.99,91.48,14.67,97.83,91.71,13.49,73.80,99.83,22.81,65.32,105.12,28.16,86.23,124.16,27.97,89.68,128.82,28.41,87.88,126.52,26.20,85.26,130.16,28.28,82.52,125.10,30.36
1,3.11,965,22.35,75.84,72.50,32.55,79.91,60.39,89.20,86.08,30.26,100.17,91.46,20.86,102.64,102.28,16.80,101.61,106.85,15.75,96.74,105.55,18.88,90.16,104.02,18.97,86.49,80.11,27.98,73.51,52.82,43.52,71.05,47.92,48.61,63.43,52.67,52.63
1,3.14,986,19.41,78.75,78.16,38.07,80.40,58.75,79.76,84.06,36.77,86.77,94.43,29.66,89.16,97.48,25.08,91.62,102.89,22.05,92.01,103.94,21.79,92.35,97.90,22.75,78.44,74.94,36.13,84.20,58.00,46.20,83.74,49.10,46.98,79.11,48.52,49.61
1,2.98,1005,23.50,73.27,73.95,30.13,77.43,65.85,82.03,84.44,31.54,98.79,94.75,21.14,101.89,101.32,16.80,96.03,101.77,18.89,92.97,102.39,21.64,89.68,102.15,21.50,80.70,76.65,32.12,75.09,58.90,50.33,69.79,52.09,54.99,64.16,53.48,55.40
1,2.82,1025,41.18,69.09,64.43,27.14,74.60,69.58,83.58,81.07,33.62,91.97,88.23,25.79,88.32,91.89,19.80,92.46,99.78,18.33,89.43,102.18,21.89,89.61,103.53,23.39,83.65,69.36,38.55,77.99,61.68,52.02,73.06,57.45,55.09,64.41,58.49,57.28
1,2.83,1045,44.29,71.47,58.85,26.01,78.16,58.12,82.57,79.55,30.29,100.41,89.15,18.12,95.20,96.87,18.96,89.08,97.28,23.15,90.47,90.73,22.53,93.20,89.55,22.74,91.62,62.11,34.97,93.74,50.86,44.05,89.29,45.97,47.46,73.73,47.84,50.54
1,2.73,1061,97.90,74.18,41.45,67.87,66.94,34.98,101.71,85.30,18.65,99.06,93.95,18.14,90.89,93.03,24.33,93.81,104.03,23.21,99.97,115.73,19.32,98.11,86.93,32.03,99.06,57.49,43.38,96.23,51.58,43.22,89.95,45.07,45.08,74.63,48.01,50.05
1,2.79,1076,77.86,67.30,40.58,69.73,66.80,34.19,102.46,91.10,17.88,96.66,95.00,19.94,90.23,95.07,25.67,92.67,101.59,24.75,96.68,109.86,21.65,98.54,88.81,33.33,99.71,56.74,43.67,97.98,53.29,43.98,91.76,45.39,45.22,78.64,49.07,50.29
1,2.79,1090,56.57,73.33,58.61,30.69,72.54,66.26,84.83,82.36,34.65,89.35,90.76,28.70,87.02,93.51,24.19,101.91,98.03,15.58,89.45,94.35,23.25,91.11,88.85,24.41,92.46,64.03,35.59,95.04,49.43,42.73,83.68,42.56,47.65,67.21,47.49,48.87
1,2.79,1105,35.59,71.97,65.43,44.37,71.04,57.99,90.19,80.87,30.00,100.91,88.36,20.22,100.24,96.78,16.48,100.59,97.62,15.95,99.51,96.50,16.79,89.37,88.23,26.20,84.49,67.34,46.91,77.48,59.15,56.86,76.29,56.79,56.34,73.06,56.52,55.73
1,2.61,1118,85.38,76.01,52.27,32.10,69.27,65.68,86.27,82.51,35.05,100.17,91.87,22.81,100.93,97.29,18.99,99.43,97.29,16.70,92.40,102.04,19.72,75.43,93.57,37.37,74.64,71.06,53.17,70.66,68.53,57.65,63.55,61.66,58.35,54.35,63.05,57.16
1,2.73,1130,34.92,68.53,63.52,30.34,75.62,65.84,90.01,85.27,30.59,103.76,95.03,21.46,101.38,101.66,18.65,98.83,109.59,18.29,98.82,114.89,17.85,91.37,95.79,29.84,86.30,63.93,45.65,82.92,55.42,55.68,79.37,51.94,53.87,74.55,52.12,53.62
1,3.00,1145,23.02,73.56,80.13,54.55,76.64,51.40,87.78,82.07,30.20,100.86,93.20,18.31,98.07,94.35,18.06,92.13,99.36,21.18,82.27,101.85,28.86,79.71,88.02,36.04,78.81,62.36,47.27,78.42,51.74,48.84,78.54,46.49,46.09,70.61,51.45,50.55
1,3.18,1158,23.39,75.21,76.74,50.77,69.63,54.99,69.01,72.00,42.74,78.86,77.52,31.35,77.70,74.33,31.71,79.02,77.45,29.49,82.26,79.89,28.04,86.86,74.29,41.05,77.01,66.53,53.64,67.84,66.82,61.31,60.11,64.39,59.12,59.64,61.36,58.06
1,3.22,1169,22.90,76.33,66.50,49.73,67.18,55.44,68.37,67.03,43.25,84.73,73.50,27.09,95.45,73.85,20.07,99.13,79.13,15.78,95.06,83.85,15.41,96.43,73.98,27.40,89.15,55.64,40.42,88.30,59.57,46.97,89.84,64.56,45.85,94.32,61.35,44.37
1,3.07,1191,21.50,70.14,70.03,40.82,71.73,60.01,81.37,81.54,32.78,93.26,90.35,22.36,99.15,94.33,16.99,99.76,101.17,15.05,97.40,101.74,14.65,98.69,99.77,20.28,97.94,67.04,34.08,94.44,59.19,34.90,78.52,57.43,46.95,70.82,60.17,51.36
1,2.98,1203,28.26,66.02,64.20,31.08,73.43,62.57,89.74,86.13,27.03,103.76,102.30,19.58,102.45,109.98,17.37,102.60,114.02,16.56,101.20,115.45,15.18,100.96,102.24,25.24,96.81,63.03,38.21,95.13,57.75,42.36,84.35,48.64,48.26,71.58,50.00,49.50
1,2.98,1216,26.85,69.01,64.90,36.52,71.66,58.63,96.32,91.46,24.31,103.62,102.85,19.14,103.30,109.26,16.95,102.76,112.30,15.78,102.50,116.79,15.55,101.17,108.00,21.89,96.96,71.89,36.51,94.63,55.75,41.48,82.12,47.30,48.35,69.82,49.85,49.00
1,2.95,1228,24.59,71.53,66.12,50.33,70.59,51.99,87.79,84.71,30.68,101.28,100.94,20.03,101.66,104.80,18.31,102.41,105.37,17.34,89.95,108.21,19.47,96.68,87.95,23.68,98.06,66.46,39.64,95.60,53.42,39.95,89.27,47.04,43.77,79.61,48.13,44.79
1,2.92,1238,23.15,71.41,66.59,61.31,73.49,43.93,97.09,85.54,22.86,102.45,98.43,18.55,102.32,104.11,18.05,101.31,101.44,18.06,90.83,98.93,19.77,96.36,85.32,26.78,89.08,64.26,44.92,82.84,57.89,50.79,75.13,54.58,49.74,73.24,60.62,56.84
1,2.83,1248,48.63,74.20,57.45,51.12,70.39,53.05,92.72,81.87,27.47,102.52,96.61,19.53,102.37,100.54,18.36,102.06,98.85,17.70,90.33,91.58,20.03,91.79,76.77,23.14,93.37,60.43,35.68,87.23,54.26,40.83,69.30,54.34,49.76,59.50,66.08,61.37
1,2.61,1260,86.87,74.77,67.00,49.97,69.51,57.29,80.50,78.02,39.53,94.57,91.21,26.46,98.34,98.29,20.76,101.31,99.02,18.13,93.91,94.24,18.28,88.83,72.96,23.52,92.19,64.48,34.08,88.87,66.46,37.31,81.65,64.86,40.71,66.23,63.96,48.90
1,2.61,1268,88.69,78.11,60.95,47.74,70.12,58.72,79.77,81.02,40.73,88.32,91.09,31.84,91.30,96.26,27.14,91.90,97.39,25.97,87.14,97.26,25.39,80.86,82.20,33.41,80.33,63.79,45.81,82.91,60.78,50.05,82.60,58.17,47.56,73.41,55.89,43.35
1,2.55,1278,100.92,70.85,73.69,47.32,71.58,59.61,78.41,79.66,41.46,97.42,90.87,25.52,102.58,96.88,19.22,102.79,97.70,19.48,86.46,101.20,26.70,78.81,84.92,40.73,79.54,63.76,51.47,78.85,59.81,48.80,74.54,57.99,46.69,68.97,61.08,50.21
1,2.58,1290,90.82,79.53,55.53,36.57,71.74,60.39,94.50,86.65,28.94,104.17,98.69,20.90,102.16,103.36,19.66,102.44,110.89,18.14,100.49,113.77,17.57,90.98,91.68,30.77,90.08,58.76,46.17,87.38,51.96,50.31,80.87,47.20,53.29,71.40,49.72,55.06
1,2.49,1300,117.48,69.29,68.65,34.00,72.89,66.39,68.55,80.83,43.65,100.38,92.98,24.94,103.86,103.78,18.20,101.74,108.98,17.47,102.41,114.83,16.13,90.97,100.07,26.18,83.97,66.14,45.25,82.53,53.80,48.89,77.24,46.96,51.56,70.24,49.86,54.13
1,2.73,1312,30.07,71.81,70.00,40.06,76.59,61.25,85.65,83.50,34.04,100.34,95.14,22.62,100.19,101.53,19.44,101.31,99.73,17.85,95.02,103.73,22.18,82.50,90.13,35.41,82.76,61.95,47.79,85.17,52.05,50.80,83.00,44.85,51.33,74.55,47.51,55.10
1,2.79,1324,21.06,71.42,74.81,52.62,76.50,52.01,92.71,85.93,28.11,102.90,96.66,18.16,98.55,98.09,19.44,101.89,100.48,16.45,92.39,100.34,22.71,85.96,90.52,32.38,86.41,60.41,48.52,82.32,54.25,51.77,81.01,54.41,52.63,78.33,55.85,54.87
1,2.77,1337,25.44,71.19,70.64,45.23,75.44,57.49,93.43,86.58,29.14,103.54,96.28,20.06,100.61,100.07,19.06,99.01,98.98,18.81,100.37,101.96,17.55,87.45,89.14,29.73,84.98,57.32,42.50,84.67,50.56,46.43,82.23,47.08,47.72,75.28,52.21,51.46
1,2.73,1350,29.62,72.34,67.85,37.46,75.08,62.87,91.65,85.44,29.55,102.73,97.22,20.42,102.97,104.54,17.24,101.97,108.82,16.67,102.80,108.10,15.61,93.92,95.38,27.44,82.64,62.31,45.05,82.59,56.92,47.60,78.58,52.97,49.80,71.21,55.55,54.41
1,2.69,1361,63.05,66.81,57.29,24.56,74.40,74.08,69.85,79.66,42.78,91.72,89.73,29.37,100.84,98.31,20.00,101.19,102.52,18.90,95.07,104.60,21.03,83.54,96.64,31.82,77.14,66.84,47.80,78.15,56.73,48.87,75.49,51.29,48.56,65.59,53.73,52.69
1,2.86,1372,21.64,70.83,77.83,52.29,73.79,55.75,82.17,78.43,35.66,94.92,87.22,25.12,97.44,88.51,22.29,93.83,90.42,23.92,82.78,91.22,29.92,76.89,83.96,44.70,74.63,59.87,53.66,75.85,55.24,51.05,77.19,51.62,49.24,79.98,54.99,49.72
1,2.95,1384,32.14,73.04,66.35,74.62,73.27,39.67,98.51,78.99,22.18,101.90,87.28,16.83,101.10,85.14,16.20,95.15,88.83,18.58,91.60,83.37,23.34,89.27,74.74,35.73,80.41,62.85,50.67,73.26,61.46,57.53,69.92,64.71,58.81,73.92,67.90,61.41
1,2.79,1396,68.28,79.82,47.57,58.34,70.01,53.12,83.09,73.03,35.31,92.55,82.99,23.00,96.71,84.83,17.94,91.21,82.06,21.43,86.99,83.60,23.88,85.67,74.11,34.09,82.06,63.25,39.74,80.03,64.59,40.95,72.99,63.88,48.40,67.38,65.52,57.85
1,2.59,1408,88.74,48.66,119.53,84.15,82.54,46.27,72.66,73.56,42.49,82.55,79.82,34.00,84.94,86.21,27.90,91.53,82.69,18.37,98.08,86.54,14.95,93.95,79.19,19.15,96.57,63.96,28.72,93.19,54.85,31.93,88.76,55.01,36.28,74.67,63.92,49.88
1,2.71,1418,91.96,82.57,68.26,74.59,78.66,41.09,74.72,80.65,41.14,77.10,86.82,35.95,77.49,89.77,34.98,79.51,92.31,32.51,81.11,93.22,28.42,82.81,77.50,34.88,84.18,58.59,39.01,84.69,58.33,39.00,82.58,59.26,42.45,73.40,64.44,51.65
1,2.58,1428,91.60,51.70,114.46,93.64,93.23,42.26,73.72,81.75,37.37,88.81,87.74,30.51,91.07,95.20,25.69,91.13,98.20,24.32,91.95,96.62,19.30,91.92,85.27,23.83,92.42,62.37,34.37,91.40,62.74,34.86,85.48,57.66,34.49,77.19,65.68,49.70
1,2.60,1441,62.88,56.23,97.95,73.82,85.45,48.81,85.61,79.24,38.73,90.97,89.35,31.42,100.96,101.39,17.66,91.56,96.27,24.30,86.17,87.73,25.93,83.97,73.61,33.89,78.57,67.02,44.04,68.62,61.37,50.43,61.86,59.56,54.74,52.79,66.13,62.66
2,2.54,1627,81.00,49.62,119.87,80.13,76.34,55.75,89.16,93.92,102.90,101.82,103.11,83.58,105.33,110.10,79.94,106.64,108.46,79.98,106.26,108.22,77.35,95.11,106.36,35.31,82.78,97.66,19.68,80.15,92.67,24.02,72.29,81.39,29.09,59.34,82.05,38.77
2,2.60,1641,92.42,65.99,70.17,41.98,69.50,67.06,96.99,97.51,109.02,109.03,110.99,88.58,109.10,116.86,85.49,105.93,113.52,87.31,103.27,107.59,80.73,95.44,106.96,23.42,83.97,101.75,20.93,77.75,89.80,26.59,70.42,84.52,31.51,61.03,80.96,36.67
2,2.72,1654,78.85,73.19,49.22,40.51,70.85,76.51,94.12,101.22,102.83,101.05,106.20,83.96,104.39,114.13,83.48,106.53,112.65,87.57,108.48,113.31,85.44,89.11,104.32,34.35,85.24,106.83,20.38,88.59,94.07,19.19,77.84,81.00,24.89,62.54,84.05,34.84
2,2.85,1667,45.21,71.40,58.94,50.01,73.11,79.87,106.27,107.78,106.83,109.18,112.64,84.15,109.14,119.08,86.63,108.10,116.50,85.30,108.64,118.13,83.49,101.05,109.77,37.89,82.48,105.30,20.44,85.91,96.98,18.30,79.24,90.47,23.46,69.85,86.75,30.20
2,3.07,1680,27.08,71.75,68.43,55.18,78.14,80.92,104.41,107.57,102.79,109.19,113.83,84.60,109.05,120.01,82.43,108.35,119.66,85.99,107.48,116.97,83.64,102.29,108.13,46.39,89.99,100.75,24.37,76.79,97.02,24.47,73.47,86.43,30.03,66.80,90.26,34.06
2,3.14,1693,24.51,71.49,71.28,65.32,82.08,89.95,98.84,106.11,101.14,106.46,112.46,83.01,108.80,119.89,85.73,106.67,115.56,84.72,105.15,112.36,81.54,97.09,106.05,35.79,81.97,102.22,22.35,79.53,90.51,24.16,67.71,81.76,34.00,57.73,80.23,38.87
2,3.07,1706,24.86,70.16,70.40,68.92,82.40,93.13,104.73,109.11,98.74,109.03,114.89,81.45,108.80,120.12,81.57,108.29,117.68,83.41,107.51,112.65,82.11,93.84,107.28,26.18,88.83,101.18,16.54,92.47,89.46,14.22,73.17,81.19,27.91,63.02,79.82,34.98
2,2.93,1719,39.81,70.98,61.34,68.69,80.78,92.74,105.67,109.00,99.77,108.97,115.21,82.00,108.79,120.80,82.74,108.46,120.59,84.82,106.47,110.26,76.87,100.96,106.74,21.24,90.72,98.46,16.31,88.61,88.62,15.59,74.28,84.38,27.57,63.12,91.82,36.70
2,2.63,1732,89.03,56.97,113.29,96.39,78.95,61.72,93.28,100.82,102.85,101.00,109.29,86.30,106.75,118.22,89.22,108.69,120.72,88.28,107.98,115.90,81.27,86.95,110.91,26.30,87.29,99.18,17.09,92.81,89.10,15.23,80.87,81.76,22.20,62.35,87.78,36.68
2,2.39,1748,80.00,36.37,155.33,103.11,66.73,142.39,109.86,109.53,100.08,108.93,113.79,87.52,106.41,115.00,88.27,104.96,112.24,84.06,105.41,106.65,55.87,95.00,101.37,19.11,90.03,99.21,15.95,93.18,90.71,15.84,86.37,84.98,17.53,66.90,93.13,32.01
2,2.21,1762,84.98,31.66,166.88,105.95,72.97,145.73,108.43,105.07,95.03,108.80,112.52,84.21,107.28,112.45,84.51,105.02,111.26,86.85,103.96,105.04,46.15,89.60,105.26,19.98,89.89,93.64,17.38,94.39,87.28,14.84,85.64,84.38,17.31,59.53,87.22,38.13
2,1.92,1778,92.39,33.60,141.19,90.77,40.36,158.28,107.20,96.55,99.75,108.31,100.47,72.54,108.29,102.91,69.62,106.49,102.90,74.48,104.61,102.20,72.41,95.05,104.23,20.50,91.08,98.59,17.79,87.76,89.25,18.92,84.02,88.61,19.76,70.76,96.05,28.62
2,2.21,1792,78.65,34.37,153.99,98.07,59.82,139.71,108.06,101.99,87.14,108.64,103.36,73.41,106.47,107.47,75.94,102.68,111.06,80.28,103.53,102.98,66.76,96.74,104.75,19.34,84.97,95.90,22.72,78.62,87.27,28.58,72.79,89.07,29.95,67.71,97.24,33.11
2,2.33,1804,86.77,31.37,158.41,99.89,66.83,96.84,97.65,94.75,102.77,103.53,102.77,88.13,108.63,111.00,86.67,105.15,107.99,88.14,100.50,102.02,80.62,88.93,100.47,28.35,75.74,95.25,29.04,69.34,88.16,34.72,65.17,87.08,37.18,59.94,89.34,40.18
2,2.63,1819,77.96,74.75,51.94,46.73,72.57,82.57,104.06,100.09,97.57,109.27,104.43,80.33,109.25,111.62,78.43,109.09,113.69,85.12,107.89,107.81,85.22,82.13,99.41,36.64,80.79,96.46,23.42,78.52,87.65,27.42,69.36,83.27,31.73,62.98,80.51,35.25
2,3.11,1846,52.54,71.76,63.07,69.56,86.62,103.97,99.73,107.02,105.63,106.40,111.02,96.51,106.68,104.88,85.25,103.36,98.62,77.39,102.11,95.12,76.13,97.33,92.46,35.36,86.51,99.17,19.32,80.90,91.94,24.80,68.18,88.40,33.17,62.25,89.48,37.87
2,3.18,1861,45.25,74.55,57.15,62.63,82.30,91.73,83.05,93.67,98.16,89.98,96.91,94.04,90.84,95.19,82.07,98.97,101.99,84.14,106.22,101.37,76.59,84.41,99.18,27.79,84.99,96.57,18.96,82.50,94.28,23.08,77.43,93.27,25.24,70.61,90.40,29.40
2,3.20,1874,38.59,78.24,54.98,56.43,81.08,82.81,83.71,89.59,89.89,98.15,92.78,79.17,103.85,105.43,85.04,106.74,101.16,81.81,107.75,101.32,81.86,106.37,94.55,51.05,73.64,88.50,27.96,81.28,80.68,17.53,68.47,82.82,31.21,65.59,89.01,34.30
2,3.25,1886,33.37,70.79,64.02,34.02,80.72,73.18,83.58,96.45,100.52,96.94,106.03,92.99,103.26,114.33,89.91,107.84,116.21,91.96,105.93,115.24,88.31,97.29,106.31,63.68,83.17,101.74,26.06,82.15,99.67,24.18,77.35,92.66,26.84,70.80,83.96,31.04
2,3.30,1898,36.80,69.28,63.53,29.24,78.39,69.77,87.29,96.19,101.47,104.03,108.87,92.24,108.88,114.45,84.40,107.79,116.58,85.72,103.39,112.93,84.56,99.00,104.24,70.15,77.81,99.89,29.83,74.27,97.84,27.60,70.63,82.83,31.82,63.71,86.37,35.74
2,3.47,1911,30.62,78.68,64.41,38.30,76.42,70.92,93.21,102.57,100.39,102.41,106.88,84.62,107.29,111.90,76.76,103.20,109.85,80.03,101.59,111.67,81.57,102.63,102.96,75.03,90.78,107.10,22.49,79.54,102.42,24.86,70.12,88.06,32.96,64.78,84.68,35.33
2,3.58,1925,27.83,84.76,64.15,61.94,84.27,84.14,99.98,108.33,101.17,107.15,109.39,81.36,109.44,117.19,78.86,104.87,116.50,83.11,104.22,116.51,86.99,104.92,105.69,60.16,90.95,109.67,24.43,75.24,95.49,26.19,69.77,88.60,32.26,66.52,87.06,34.05
2,3.38,1938,28.95,79.44,65.47,45.95,78.93,78.90,89.18,102.51,105.28,94.75,108.64,85.74,107.17,117.01,82.10,96.73,101.32,80.24,84.72,103.60,85.85,84.89,100.43,57.58,75.89,98.71,31.06,73.29,95.51,31.30,70.21,91.36,32.62,65.77,91.87,35.46
2,3.33,1951,29.77,78.85,65.52,86.86,93.84,99.31,108.98,108.63,95.30,109.62,110.91,78.13,106.93,111.20,78.85,104.98,110.63,83.11,109.21,112.66,83.22,104.05,108.97,37.21,96.02,99.88,19.50,80.73,92.32,24.03,74.21,85.79,29.57,67.24,85.83,32.86
2,3.07,1964,28.43,74.19,72.26,58.62,83.16,90.94,80.97,97.81,98.75,87.35,102.64,86.47,92.01,107.44,88.49,92.99,105.42,89.74,95.56,105.25,84.32,80.89,95.93,41.73,73.12,95.17,34.29,66.53,89.09,37.17,62.91,87.99,39.18,59.04,82.45,41.27
2,2.82,1978,35.85,72.42,62.88,61.62,80.01,88.62,103.56,106.38,103.70,109.09,112.22,86.05,109.35,117.16,85.48,108.60,115.51,84.40,108.95,115.92,83.71,99.76,110.03,32.35,87.90,111.31,17.88,86.18,90.56,21.37,73.98,83.41,29.20,65.23,87.11,34.83
2,2.58,1999,86.94,71.59,69.04,62.18,73.01,76.32,104.70,103.21,101.44,109.28,108.13,81.44,105.36,108.37,78.69,99.58,104.53,79.03,96.72,103.49,78.93,85.18,101.27,34.42,83.23,101.95,25.30,77.90,92.05,27.51,72.76,86.62,30.90,63.34,87.89,36.46
2,2.49,2020,73.36,58.44,110.99,99.38,82.18,71.53,105.27,102.05,98.36,109.32,106.81,79.10,106.79,107.49,78.27,102.86,105.43,81.26,102.98,104.00,79.20,88.11,102.89,28.87,85.10,97.49,22.84,78.32,87.86,27.39,71.12,85.08,31.82,63.79,89.10,35.80
2,2.36,2033,78.97,38.38,146.56,104.82,71.18,115.12,102.16,100.91,102.46,107.10,107.81,87.85,106.83,111.04,87.57,106.74,112.34,87.75,106.15,106.25,74.38,92.09,102.57,27.15,84.43,94.76,22.85,80.72,89.43,26.57,75.50,82.52,28.78,65.42,84.80,35.11
2,2.23,2048,78.44,37.92,146.23,98.96,56.24,154.42,108.24,104.18,101.23,108.23,109.75,89.67,103.61,108.17,87.53,101.10,107.72,87.08,106.18,103.27,60.47,89.66,105.80,20.61,89.94,89.59,17.42,85.86,83.60,20.76,82.21,78.35,21.54,65.62,85.93,33.15
2,2.30,2070,83.83,31.79,169.62,108.55,57.60,132.40,97.30,95.59,95.63,95.02,101.18,87.59,100.81,105.04,85.98,98.38,105.55,86.91,100.18,101.55,76.55,84.28,99.97,32.19,71.89,92.21,32.29,66.04,86.22,38.80,61.33,85.05,41.13,56.00,87.76,43.59
2,2.36,2081,81.48,39.28,148.12,110.89,82.07,88.71,101.99,102.34,101.03,108.30,107.17,83.87,106.57,106.43,84.25,100.89,104.75,84.27,97.09,98.67,71.25,90.59,101.74,26.68,80.64,93.39,26.54,73.50,88.11,30.96,69.14,86.01,33.40,61.38,90.73,37.91
3,2.24,2570,81.47,36.02,158.87,128.90,62.79,81.52,53.27,66.77,67.79,34.77,73.72,73.27,32.62,79.18,67.78,45.04,68.17,49.30,63.37,61.83,34.24,77.72,49.54,32.66,81.46,48.53,29.98,78.61,51.08,31.15,70.36,63.87,34.73,66.02,67.42,42.52
3,2.13,2574,99.57,32.13,169.00,76.93,39.98,147.00,112.02,67.50,54.66,67.98,59.80,57.55,71.64,61.64,48.05,60.66,67.67,47.79,49.97,75.35,49.12,52.12,81.79,40.62,89.15,54.27,33.88,88.91,63.11,27.53,86.45,69.15,26.80,84.87,72.83,26.00
3,2.63,2593,87.60,73.27,56.02,21.22,73.19,75.90,65.30,53.40,59.03,84.40,53.79,38.32,72.03,65.39,36.06,68.92,64.59,41.84,72.12,62.13,42.61,79.13,65.06,33.82,83.61,63.43,31.33,81.34,62.68,32.01,77.18,63.08,31.89,68.23,68.20,35.93
3,2.95,2610,22.26,73.44,76.70,18.83,80.06,73.20,76.70,49.12,51.34,97.01,47.97,27.60,78.09,65.93,29.22,76.41,62.09,31.37,77.90,63.33,33.40,79.62,67.56,35.03,75.08,77.61,27.31,89.16,62.81,23.39,84.89,63.01,27.17,78.71,65.82,30.29
3,3.22,2628,22.10,76.69,75.39,18.90,82.98,72.27,70.77,51.92,53.23,88.08,52.34,35.81,74.78,67.02,34.34,70.97,65.52,36.54,72.78,65.90,33.97,70.91,71.77,37.76,73.81,72.82,31.43,81.93,65.39,25.98,77.99,68.56,29.41,74.43,65.53,31.77
3,3.30,2646,21.89,77.41,74.41,18.98,83.73,72.88,68.94,52.84,53.32,88.21,52.61,34.63,72.26,70.07,34.26,67.92,68.97,37.08,69.10,68.81,36.41,76.98,70.03,35.53,80.89,65.92,30.31,82.64,62.76,27.36,74.36,62.88,30.12,67.11,66.46,34.77
3,3.26,2668,20.65,78.86,73.98,20.99,79.49,70.92,81.02,50.94,48.15,96.09,52.86,28.03,80.81,67.72,27.29,75.54,65.20,32.26,78.81,63.72,33.42,81.43,65.38,33.76,81.96,66.42,30.26,88.33,63.12,24.71,87.82,61.70,26.57,80.07,63.68,28.62
3,2.95,2690,21.31,74.13,76.90,25.10,70.76,70.25,83.10,50.19,49.71,84.58,59.37,35.02,73.25,69.66,34.95,70.56,68.54,38.46,74.13,67.48,36.06,68.56,80.07,35.31,82.10,70.12,26.34,83.06,68.11,27.93,71.06,68.37,33.74,62.03,69.34,40.33
3,2.85,2697,23.16,70.06,78.65,23.71,69.93,75.40,67.46,56.74,58.45,72.86,59.25,41.05,61.56,68.39,42.78,58.60,69.46,45.07,62.13,71.82,43.53,64.37,77.52,40.51,72.66,71.08,33.10,75.01,68.45,33.79,67.03,69.09,38.07,60.49,72.57,41.41
3,2.66,2716,31.90,67.16,72.27,28.99,66.55,74.14,67.71,60.77,55.69,76.68,63.17,37.51,69.82,65.89,33.81,64.01,70.24,38.66,62.63,66.09,35.87,71.27,63.22,30.09,88.58,56.61,23.94,85.71,62.18,24.94,76.71,69.00,31.26,69.16,68.96,36.03
3,2.74,2721,21.03,69.79,78.07,33.85,66.02,72.61,57.70,63.75,60.93,73.97,59.62,37.07,75.74,64.70,29.61,63.54,69.54,38.00,51.52,70.28,37.75,68.98,63.09,29.20,83.74,62.10,22.67,85.58,68.17,21.03,70.98,66.61,32.42,55.37,72.89,46.26
3,2.68,2726,23.82,68.20,75.70,28.61,66.63,74.03,62.87,62.27,58.40,75.74,61.56,37.23,73.18,62.20,30.70,61.79,66.41,36.53,50.00,70.94,36.06,77.12,63.48,27.98,81.90,67.53,23.77,85.49,64.95,21.37,69.24,67.21,35.33,55.18,74.16,46.91
3,2.73,2738,33.18,66.77,69.93,25.45,71.85,74.52,63.30,59.08,57.41,66.16,60.59,45.26,67.46,57.24,35.61,70.77,57.23,34.80,68.19,58.19,35.47,72.22,62.30,35.72,74.73,64.86,28.76,82.74,64.03,26.46,73.48,63.63,32.32,64.92,67.49,38.62
3,2.79,2750,40.30,71.85,59.66,43.71,63.30,65.57,61.40,56.98,55.35,44.58,70.31,56.33,47.08,70.72,52.33,48.08,75.20,48.89,53.63,72.47,41.82,56.55,73.66,40.10,76.08,53.85,36.35,73.90,54.89,36.39,76.80,62.25,32.43,85.53,63.25,24.34
3,2.67,2765,81.92,71.84,70.48,38.66,65.33,63.81,66.71,50.92,56.32,54.38,63.03,50.83,45.81,71.88,48.18,44.15,74.25,43.74,47.90,79.34,39.70,64.60,77.64,33.43,80.71,58.30,26.93,83.37,65.16,28.82,80.24,68.99,29.73,77.43,73.08,29.65
3,2.79,2781,92.45,83.33,56.92,29.82,66.79,64.76,74.06,53.09,52.61,80.06,61.40,36.65,61.93,75.11,39.69,62.20,71.44,40.71,66.13,68.51,38.62,69.72,71.93,37.54,79.46,65.30,27.32,85.51,65.96,23.70,77.59,63.17,28.88,66.53,70.37,36.74
3,3.17,2806,20.98,70.10,68.68,46.55,60.94,59.99,77.10,59.08,44.39,72.02,74.06,38.70,69.44,76.20,35.12,64.11,76.86,36.74,65.69,76.95,34.28,68.49,78.96,35.88,75.46,71.39,27.01,87.76,59.98,20.90,76.98,65.96,29.55,66.64,70.99,37.80
3,3.11,2832,61.40,61.83,55.96,55.12,67.00,49.58,84.30,69.15,34.10,73.38,81.73,33.52,32.80,95.38,43.74,58.83,72.17,34.66,74.15,60.04,32.76,80.69,67.36,31.49,84.19,68.14,29.18,81.72,66.22,30.00,74.06,68.55,33.48,68.17,66.89,33.95
3,3.11,2850,60.12,62.34,55.53,56.64,62.91,51.54,83.01,65.69,35.23,56.67,82.91,39.16,28.78,100.03,41.08,67.27,58.38,37.06,74.39,61.43,33.19,80.70,64.49,33.06,82.11,65.41,31.02,81.35,66.78,30.91,75.44,69.38,33.24,68.10,67.28,35.34
3,3.38,2868,52.22,60.56,56.39,56.49,71.82,48.90,51.56,78.36,49.85,42.32,75.72,50.33,57.66,71.12,40.06,66.54,71.32,35.96,75.90,67.57,34.35,78.77,66.13,32.63,77.21,64.63,30.83,75.41,64.76,29.58,65.50,68.70,36.46,63.71,70.24,37.61
3,3.26,2887,54.52,63.68,52.43,61.78,72.49,39.11,68.29,73.89,35.60,41.78,85.84,38.94,63.14,74.57,31.25,81.58,64.09,25.38,89.22,56.08,24.17,94.31,61.67,22.57,90.55,62.82,22.32,83.60,57.99,24.22,61.55,66.79,40.40,57.47,69.94,43.26
3,3.07,2905,46.34,63.47,55.49,55.41,68.98,46.96,51.12,75.87,50.47,49.18,75.71,41.68,45.66,71.96,41.82,58.27,74.04,32.27,76.87,63.77,20.24,91.44,60.34,20.64,88.69,61.85,22.63,84.95,61.55,23.03,72.93,67.58,31.20,68.68,74.37,33.78
3,3.35,2925,46.47,66.29,56.01,43.42,76.84,54.25,40.54,78.48,49.86,46.42,76.88,42.48,68.85,66.56,30.22,83.45,57.58,25.83,92.38,55.24,24.18,92.61,53.88,24.33,89.51,58.60,24.07,85.72,57.93,22.65,66.44,67.60,37.24,65.55,72.85,38.77
3,3.35,2944,35.32,70.48,60.04,60.10,68.46,49.72,55.79,75.11,48.56,35.85,86.21,47.61,66.61,71.42,29.49,82.48,61.17,26.34,94.25,59.45,23.17,95.67,55.58,23.90,93.26,56.03,22.89,88.46,55.77,22.77,63.85,64.34,39.42,61.87,68.27,42.05
3,2.68,2978,102.25,71.56,72.27,36.74,70.61,64.09,71.66,51.26,53.49,89.15,54.15,34.59,71.01,70.65,34.74,67.64,70.35,35.85,66.46,73.36,35.05,71.99,74.03,31.17,90.30,61.52,20.09,92.95,64.07,18.43,81.70,64.33,23.25,66.96,67.64,34.46
1,2.92,3334,45.54,57.44,111.61,74.81,57.38,126.17,105.73,90.44,179.56,105.01,107.37,165.36,101.02,115.39,161.76,101.54,113.00,170.23,104.06,114.57,175.66,94.83,101.53,95.92,86.03,91.75,44.72,99.21,80.06,28.63,99.81,74.49,28.54,78.62,65.49,46.13
1,3.00,3387,52.75,60.89,95.94,95.18,77.02,152.71,107.96,114.14,176.24,109.06,127.34,165.42,108.10,126.28,168.50,102.64,117.96,169.49,100.58,112.35,160.09,97.02,102.20,55.41,86.74,90.48,43.26,86.60,78.04,46.35,82.06,72.14,49.24,75.60,66.25,54.25
1,2.60,3420,30.27,60.15,123.71,55.40,65.66,147.06,95.69,97.24,187.32,102.27,115.37,167.27,105.87,121.43,171.52,104.98,118.96,174.65,105.37,114.15,163.87,99.35,104.30,50.96,89.39,93.98,42.93,90.39,79.02,34.57,97.01,76.71,27.51,83.35,71.05,37.18
0,2.42,170,35.39,56.74,111.60,81.65,82.72,164.73,102.22,110.44,171.34,108.29,125.25,163.01,108.29,125.21,155.88,104.62,116.56,155.14,98.06,99.46,116.41,90.54,97.32,51.50,79.64,84.59,57.18,77.41,76.06,50.70,89.47,72.22,35.49,83.20,68.07,39.98
0,2.67,197,31.75,57.32,115.74,41.61,60.52,121.69,93.15,93.41,178.94,101.47,115.27,166.69,106.86,126.71,165.43,107.01,123.10,174.31,106.03,121.66,169.00,90.01,107.69,93.69,91.02,96.08,48.45,85.56,82.05,37.43,94.78,79.29,30.46,81.39,75.25,38.86
0,3.02,227,53.93,57.47,102.68,66.62,59.12,118.86,104.27,103.79,187.18,107.78,124.26,174.95,108.37,130.75,171.23,107.90,130.42,174.15,106.82,125.72,170.05,105.89,114.83,88.95,92.44,103.93,37.69,97.62,90.56,31.99,95.99,82.15,33.57,84.07,76.78,41.75
0,3.15,255,60.43,61.58,111.97,87.81,74.79,147.43,105.82,112.34,194.11,108.46,129.23,175.73,108.30,132.28,176.38,108.16,129.96,177.33,107.55,126.33,171.10,104.45,114.13,65.08,98.51,104.03,34.83,103.87,97.10,25.67,102.51,88.94,26.08,81.39,74.14,52.55
0,2.98,266,44.74,58.60,109.79,65.17,60.07,123.57,98.79,100.12,192.27,107.14,124.61,175.01,108.31,131.11,171.82,105.68,125.80,172.79,103.56,122.22,167.19,103.43,114.58,97.41,98.13,106.42,36.64,102.99,93.66,26.42,99.33,80.37,26.44,79.98,64.31,45.12
0,1.86,321,46.73,48.49,100.08,45.61,56.42,105.42,93.30,93.76,169.92,107.10,120.31,172.95,106.69,123.04,168.35,105.81,117.35,162.97,104.37,106.63,117.97,93.73,98.99,41.86,87.12,87.03,49.23,77.98,79.94,49.12,74.62,75.01,50.74,73.71,75.06,52.37
0,2.02,352,58.86,46.79,134.62,64.78,63.76,168.03,68.38,70.82,180.20,72.74,73.59,178.56,76.96,79.76,174.63,80.80,85.87,167.80,70.68,75.94,117.18,74.91,69.70,76.79,72.94,68.39,79.23,73.26,72.36,74.06,83.93,76.36,40.70,97.43,79.01,26.35
0,3.02,391,53.76,49.08,140.84,90.88,78.50,180.15,101.57,95.01,158.85,92.73,72.88,146.15,58.43,69.74,159.35,57.18,70.28,163.37,58.47,68.45,158.18,56.43,64.33,108.90,55.08,62.97,101.46,57.84,65.76,60.68,99.31,59.89,24.33,89.65,60.32,27.09
0,3.49,424,67.92,53.41,91.83,80.90,61.82,145.24,78.35,79.39,166.58,85.50,92.09,152.16,100.15,105.31,151.16,100.72,108.60,141.66,78.30,89.89,154.22,79.85,88.01,133.77,86.17,81.63,39.38,101.64,79.95,24.46,96.94,70.92,24.78,69.87,60.13,60.55
0,3.77,440,71.56,58.61,113.08,73.51,73.19,153.36,93.71,98.85,169.09,89.85,94.30,144.18,77.17,84.86,150.34,79.73,89.96,154.21,75.10,82.60,156.81,71.27,76.38,91.62,91.41,73.15,35.01,99.14,78.58,27.82,89.09,60.38,34.78,62.40,71.78,75.11
0,3.47,459,70.93,54.16,80.92,85.54,64.12,98.18,83.29,84.58,151.94,87.12,97.04,148.35,91.25,104.38,150.04,88.89,103.58,159.93,87.66,100.11,163.56,82.77,88.47,118.13,73.94,83.31,50.83,93.30,78.14,34.36,88.74,68.36,35.91,74.85,64.97,58.79
0,3.25,471,54.41,48.68,78.79,98.08,85.06,136.86,105.92,107.36,142.49,87.70,83.81,111.99,83.33,92.03,126.80,83.43,94.44,148.05,84.91,90.06,119.09,88.81,92.62,48.79,89.38,89.11,34.22,90.86,78.77,34.89,79.55,67.11,47.77,71.43,62.13,54.01
0,2.94,489,50.89,47.56,97.80,87.47,63.79,137.57,106.10,102.41,158.28,78.11,61.02,131.30,52.59,60.03,140.46,50.12,64.11,138.21,48.63,64.09,97.79,51.11,65.49,75.55,54.64,63.93,69.23,64.51,62.37,43.48,74.84,59.57,43.82,68.34,56.84,53.48
0,2.57,507,33.71,59.86,97.98,64.09,72.42,135.78,98.46,97.43,166.85,106.81,113.76,165.97,105.35,107.56,167.72,84.82,87.79,151.14,79.19,81.52,102.53,73.15,84.85,60.97,83.21,84.09,53.41,79.58,76.97,47.23,84.88,71.15,42.77,76.96,69.23,48.98
0,2.29,527,38.04,53.88,126.66,79.08,80.09,176.84,94.12,102.09,175.90,101.25,114.83,156.14,102.89,114.21,158.09,102.10,108.28,148.95,89.76,91.57,94.35,82.23,79.95,64.04,77.38,76.43,66.84,72.08,73.57,64.43,90.54,75.37,36.69,84.09,75.63,38.91
1,2.08,748,48.50,49.58,97.03,58.29,49.12,99.10,86.88,53.92,63.64,89.12,67.74,50.36,84.01,70.72,47.22,82.28,80.33,54.76,89.02,94.77,65.30,83.36,109.28,73.44,84.24,113.11,70.09,86.91,116.95,63.03,94.34,116.50,41.29,94.72,111.96,42.58
1,2.48,767,31.07,52.78,132.28,56.14,53.34,105.46,77.39,61.11,73.06,84.47,66.03,65.42,69.81,69.85,73.23,65.87,74.79,75.43,67.23,91.63,87.33,67.01,100.35,87.90,69.12,95.14,87.82,67.66,93.81,77.01,84.10,87.29,49.85,80.63,85.37,50.05
1,2.48,787,32.53,48.45,130.61,25.73,60.73,136.29,82.92,56.29,70.83,107.50,72.92,31.96,101.92,80.32,31.04,82.60,77.78,50.74,88.57,90.69,52.16,91.14,121.32,62.88,92.49,121.86,58.96,92.85,122.19,46.93,103.12,120.44,35.97,94.98,118.17,39.41
1,2.79,810,38.60,64.18,113.24,94.33,51.95,82.78,104.09,58.37,63.86,78.61,71.29,69.12,59.79,82.72,69.10,74.40,91.37,50.13,87.54,99.40,52.33,91.43,107.59,57.77,86.90,113.88,62.28,95.10,114.00,40.91,103.46,115.32,33.60,97.75,124.78,46.37
1,2.48,829,50.54,46.33,107.39,33.19,60.72,119.82,75.12,54.69,91.48,89.53,61.27,70.54,66.90,73.08,76.23,62.08,75.51,74.19,67.91,80.71,65.45,80.31,98.53,53.48,92.35,114.18,46.58,88.92,115.31,53.91,104.84,125.41,38.19,100.62,133.67,39.79
1,2.48,848,27.88,50.16,137.28,44.63,52.82,120.44,93.24,68.51,66.44,103.21,79.35,46.68,86.87,81.68,58.43,64.14,75.03,71.65,68.03,87.29,74.95,69.46,102.87,80.95,92.78,117.88,59.79,99.36,125.45,44.16,105.14,122.46,37.20,96.32,113.82,36.83
1,2.36,865,36.24,52.08,120.95,38.78,46.96,135.19,76.99,63.80,85.79,90.40,75.79,57.41,82.72,81.84,56.66,55.25,79.32,74.58,61.56,87.71,83.66,85.88,107.72,73.96,89.99,115.06,65.57,92.09,120.17,60.72,96.53,120.70,51.82,95.93,118.14,48.55
1,2.21,883,52.51,56.90,102.50,48.70,50.27,120.19,62.74,54.55,108.35,53.59,60.19,100.39,50.22,70.08,92.18,61.69,75.99,75.14,74.13,83.51,65.41,77.55,101.42,67.46,78.08,96.73,78.58,71.53,93.48,89.98,80.54,95.22,53.72,88.27,91.37,40.92
1,2.48,900,45.94,45.45,133.98,64.88,56.00,105.73,81.57,64.06,78.21,85.35,70.91,68.85,84.23,74.01,63.36,72.18,73.65,71.87,71.83,79.71,74.18,80.57,92.74,66.08,83.66,105.72,69.90,87.38,117.69,62.61,102.87,124.83,41.37,98.75,120.60,41.26
1,2.49,917,51.10,44.93,125.28,60.26,50.66,112.17,88.41,68.12,64.81,96.93,76.20,46.65,81.15,76.82,55.47,77.29,74.18,62.53,82.35,75.31,61.05,80.96,76.06,65.66,79.24,99.52,74.04,78.74,110.75,61.63,102.99,111.20,35.07,90.47,104.39,39.53
1,2.82,945,54.97,51.08,104.96,76.95,50.52,102.07,103.69,60.56,68.95,104.11,67.70,60.82,73.85,75.71,66.35,77.78,74.82,62.98,85.67,75.64,57.63,89.81,82.96,51.79,90.20,102.92,54.52,96.87,127.09,41.19,105.56,136.31,39.90,96.42,129.45,43.36
1,2.93,965,80.55,50.10,79.86,94.99,52.29,92.41,107.33,62.03,53.34,93.92,77.06,45.09,100.96,77.50,31.51,92.58,84.45,33.98,93.35,81.80,41.27,92.70,83.42,45.51,91.07,98.08,45.76,99.81,116.87,39.02,103.94,119.76,37.46,86.40,113.74,49.27
1,3.14,987,70.10,44.90,56.84,85.89,48.80,58.74,107.59,78.06,40.74,107.37,88.37,28.46,92.59,88.03,36.49,82.87,85.67,44.29,82.55,88.81,44.04,83.95,88.97,45.14,88.66,111.18,43.08,96.15,119.55,41.29,91.95,116.34,46.30,83.93,104.86,55.36
1,2.88,1025,38.57,60.90,93.63,71.29,57.78,75.46,107.36,74.79,42.31,105.96,83.78,30.77,92.88,91.69,34.06,80.29,92.56,42.12,80.84,95.08,44.14,80.56,119.70,60.71,88.43,128.42,51.09,105.05,142.54,39.37,101.20,137.09,43.26,90.83,121.05,53.72
1,2.85,1044,29.75,60.92,113.22,65.19,58.48,91.11,93.43,65.54,58.12,101.67,75.24,36.19,101.03,80.32,36.77,81.19,86.23,50.74,76.40,97.82,57.03,80.28,112.40,66.39,96.96,128.20,55.09,102.14,130.38,44.38,104.79,130.77,43.67,96.85,116.81,42.00
1,2.62,1060,31.64,51.78,122.57,43.26,50.81,112.10,106.08,58.02,81.09,108.03,63.68,59.73,79.22,73.09,66.63,56.03,74.79,84.00,59.99,77.45,75.29,72.96,99.85,68.25,74.81,106.43,65.07,91.98,111.82,45.82,104.80,111.85,35.97,92.80,109.10,41.60
1,2.62,1077,29.50,46.79,132.40,33.89,48.84,128.06,74.86,58.34,91.23,84.04,67.46,69.47,75.82,76.12,67.16,62.57,76.98,76.39,60.61,78.66,74.78,70.41,101.02,72.14,82.88,114.09,62.28,96.84,125.42,46.50,105.78,132.75,40.64,97.11,118.30,43.78
1,2.82,1098,26.26,55.35,129.82,67.15,53.64,101.41,108.16,77.83,47.23,107.05,85.71,35.95,92.55,87.64,40.42,83.33,85.60,50.18,77.22,85.83,59.81,76.10,110.18,60.78,87.89,117.42,55.58,100.98,122.44,38.11,105.42,124.09,35.26,94.03,120.41,45.91
1,3.02,1116,45.89,50.71,123.10,59.69,52.67,109.42,97.63,69.65,63.47,99.17,77.53,48.29,79.52,80.54,59.67,74.21,79.05,64.83,77.91,86.01,60.25,75.10,109.24,66.75,77.97,114.60,64.89,98.25,117.91,37.98,104.88,116.41,34.80,88.58,107.65,46.89
1,3.26,1132,48.13,57.60,108.53,50.17,55.30,108.83,98.89,75.17,50.34,102.96,83.47,34.96,106.16,89.74,26.87,90.55,88.19,36.38,79.72,95.45,43.29,75.87,106.12,52.14,79.22,117.44,57.54,91.08,126.27,44.34,103.84,126.21,38.36,94.62,117.41,46.80
1,3.47,1149,40.83,51.09,126.09,43.46,53.11,125.61,69.01,61.65,88.10,78.71,70.71,70.57,75.40,71.58,69.01,64.46,74.56,78.95,64.46,74.11,77.81,65.65,77.70,76.52,64.51,96.35,60.00,102.01,112.44,37.50,104.89,122.05,35.60,91.45,114.77,48.40
1,3.58,1165,72.50,59.93,103.46,67.85,57.00,97.71,75.25,62.58,77.33,88.76,68.28,56.64,70.73,71.95,63.80,65.07,77.76,67.02,67.62,80.24,61.87,72.49,82.52,56.19,72.22,92.57,46.84,103.26,110.91,38.58,102.88,117.64,38.47,88.75,116.42,53.84
2,1.85,1307,43.23,38.55,145.69,47.07,42.67,153.67,78.42,28.40,160.79,64.36,20.63,180.51,58.32,20.01,177.42,50.62,25.37,156.13,57.96,48.83,121.68,78.55,51.76,92.14,74.13,50.76,91.29,77.76,51.61,87.16,78.94,58.45,79.66,99.16,65.12,41.43
2,2.40,1328,28.38,49.39,145.22,27.55,47.61,147.10,72.09,20.69,182.94,82.67,12.94,180.88,74.31,12.35,176.28,75.52,10.82,176.88,52.62,20.27,162.05,61.64,52.18,105.66,80.16,63.73,69.19,83.79,58.19,59.98,104.40,58.82,37.17,90.91,59.49,39.47
2,2.88,1352,30.47,54.55,130.46,39.67,51.11,137.00,76.78,21.16,178.74,78.39,14.07,182.42,77.00,14.34,176.86,79.69,12.56,175.95,66.06,12.68,169.63,47.26,44.06,117.14,81.30,67.82,64.17,98.56,60.05,37.63,104.56,61.86,34.97,93.15,61.02,42.09
2,3.02,1375,57.26,64.14,93.79,72.46,36.14,137.48,83.60,25.19,153.52,72.56,19.23,148.64,65.88,17.28,153.40,66.25,14.96,154.67,52.44,18.90,153.31,61.50,34.70,107.51,66.94,63.13,66.24,97.73,56.41,37.72,101.74,61.62,36.85,94.14,58.60,48.56
2,3.14,1399,51.35,59.69,77.98,75.91,38.10,114.40,85.44,16.56,176.00,78.23,14.84,170.46,77.91,14.18,168.54,71.39,14.78,163.15,47.36,24.94,141.05,71.77,54.65,62.67,91.72,64.58,41.22,92.10,65.46,42.42,90.61,65.32,45.19,92.98,66.75,44.66
2,3.25,1415,49.52,50.72,85.89,75.00,43.64,103.82,91.50,20.71,178.80,84.06,13.13,179.36,81.63,13.17,181.10,83.73,12.84,180.97,69.42,14.68,167.96,48.79,40.09,118.62,81.64,68.10,58.90,99.09,60.88,46.62,94.88,60.82,49.07,84.87,59.18,57.82
2,3.18,1435,42.18,58.21,125.81,46.34,39.64,153.15,58.26,24.14,174.49,59.71,21.31,171.32,62.73,18.62,168.86,62.63,14.55,172.91,46.24,22.32,158.03,46.23,48.23,117.67,70.94,56.32,68.45,102.65,49.02,35.05,104.69,59.76,33.43,87.99,57.38,42.56
2,3.02,1451,46.05,51.75,132.59,68.42,22.85,168.15,70.16,26.62,160.54,59.65,21.98,154.00,62.82,23.76,166.28,62.53,22.25,164.79,39.66,23.15,156.06,61.45,43.07,102.52,67.74,52.41,74.72,98.56,53.68,33.14,104.32,61.83,29.47,72.98,55.42,47.51
2,2.85,1467,32.18,42.62,140.08,76.25,47.50,123.06,92.24,32.24,146.54,79.81,22.70,162.26,52.63,25.82,154.97,52.18,27.06,161.11,42.58,27.20,156.24,45.88,39.13,128.76,58.27,47.67,106.44,81.06,56.80,44.96,103.29,60.52,31.37,85.45,57.95,40.05
2,2.82,1483,34.70,48.89,130.50,67.04,51.81,124.52,91.65,23.90,160.94,94.82,15.99,177.03,81.28,13.11,169.63,75.11,12.48,167.34,48.41,17.76,153.14,42.74,50.00,113.79,84.87,59.04,70.80,99.48,62.49,40.97,106.27,65.47,35.20,91.90,60.19,44.32
2,2.95,1496,57.45,48.13,116.16,61.96,45.14,143.07,56.37,33.85,131.74,54.04,28.47,142.52,46.69,23.57,154.81,51.08,23.59,157.96,37.90,25.59,151.16,53.13,40.32,120.51,71.21,50.59,92.78,91.65,56.85,39.59,105.69,64.51,32.45,84.58,51.73,35.53
2,3.18,1509,94.31,38.28,144.59,91.29,21.19,164.21,69.74,26.50,153.86,61.36,17.42,161.53,57.47,17.59,153.51,53.35,16.15,153.11,35.56,22.41,149.98,85.57,47.64,79.89,89.42,51.34,63.05,105.25,56.61,44.94,107.50,63.01,44.52,102.73,68.46,43.67
2,2.95,1523,67.16,46.17,111.19,82.15,32.43,159.25,97.60,21.00,177.85,83.59,16.94,168.72,60.10,16.82,165.54,50.02,18.25,156.83,41.97,21.51,154.23,64.55,40.70,96.25,76.50,51.46,74.81,97.99,60.27,39.16,105.29,60.88,35.74,84.91,59.14,47.97
2,2.98,1532,58.20,48.32,110.06,58.83,29.07,167.89,74.02,20.05,186.15,69.39,17.60,173.26,64.81,17.81,171.06,52.95,17.00,158.01,43.10,20.07,153.25,75.08,45.82,86.45,83.44,51.51,63.23,101.95,53.65,40.05,105.55,58.27,37.17,84.41,57.18,53.12
2,2.98,1539,57.29,49.65,112.63,65.25,32.83,166.30,66.78,23.68,178.06,55.59,21.79,162.70,54.04,22.19,159.33,55.49,16.53,158.56,44.05,20.35,153.29,66.89,48.09,91.57,73.12,52.39,67.69,97.82,49.79,35.66,101.89,55.24,31.73,73.24,44.26,51.16
3,2.09,1737,82.79,63.61,50.42,87.72,63.19,64.73,95.62,69.42,61.40,101.72,78.49,45.30,106.73,85.52,41.10,107.08,89.67,36.61,105.49,90.48,35.65,92.80,72.44,66.37,89.31,73.88,109.39,87.34,79.01,113.51,96.00,84.16,87.34,103.87,89.45,75.33
3,2.14,1743,72.39,50.21,81.46,57.02,52.60,100.93,76.96,55.35,88.47,90.26,66.11,62.52,104.23,77.65,39.15,99.65,78.03,41.23,95.70,78.29,51.57,80.56,73.77,61.86,102.84,65.18,82.24,103.36,78.72,83.82,105.48,85.57,78.60,101.12,75.34,82.27
3,2.41,1749,35.58,46.48,131.73,65.37,51.30,102.32,76.04,59.81,82.70,84.24,66.75,66.63,87.14,70.04,63.17,83.86,75.10,58.40,89.32,75.15,56.30,75.91,74.31,61.97,95.61,60.07,78.49,98.60,74.87,83.08,107.10,84.34,75.54,105.93,80.01,78.71
3,2.48,1756,25.89,44.59,146.30,49.74,45.39,124.50,67.49,52.53,100.55,76.40,57.50,89.31,78.82,60.72,81.42,75.37,61.56,79.30,79.23,65.01,73.24,85.82,67.02,66.85,68.63,65.58,90.42,77.56,61.39,94.21,88.68,67.14,76.34,93.58,77.59,90.10
3,2.53,1762,26.28,45.99,142.02,51.06,50.60,116.78,95.22,56.64,74.80,103.67,64.31,58.54,101.60,66.15,56.60,82.11,68.37,66.85,91.92,72.01,53.23,98.63,74.45,44.55,82.17,60.55,88.37,75.71,65.71,94.54,105.46,71.50,69.25,94.06,71.76,82.95
3,2.69,1768,27.00,46.55,137.28,74.47,51.93,98.68,102.13,55.45,79.23,101.71,61.08,71.85,84.73,61.75,73.05,85.82,69.49,62.09,79.29,64.87,68.54,75.22,60.75,81.72,71.48,58.91,107.79,84.73,65.96,76.56,105.67,69.64,67.71,87.47,65.21,85.39
3,2.92,1775,47.17,40.83,141.79,64.89,47.42,115.02,66.80,51.59,103.91,67.19,55.76,96.70,65.87,58.87,94.97,70.15,58.88,89.22,73.99,59.13,84.42,73.47,61.82,79.99,65.83,62.95,89.91,95.03,69.15,63.18,105.41,74.96,65.50,86.39,62.45,80.58
3,3.04,1781,80.83,43.66,130.85,86.71,47.85,104.07,89.33,53.29,96.03,76.36,56.00,87.42,77.32,61.65,78.41,83.57,65.08,70.20,89.38,68.57,59.58,75.29,71.30,68.03,91.41,58.64,71.96,103.01,64.00,66.46,105.98,80.32,62.38,83.24,74.29,104.90
3,3.14,1788,65.70,54.86,125.56,91.44,50.35,89.29,90.60,53.10,85.67,72.64,57.23,84.21,78.14,62.88,75.08,82.60,62.80,69.53,89.42,69.56,57.54,93.94,71.39,51.51,104.34,62.79,67.18,106.22,76.35,75.87,106.56,87.99,83.87,99.23,81.56,97.75
3,3.22,1795,44.52,48.73,133.69,66.76,47.97,114.84,70.08,51.30,98.46,64.80,55.49,96.17,68.56,56.61,89.36,73.16,60.01,82.89,77.85,63.14,74.30,83.22,68.05,65.96,91.71,67.05,50.52,102.86,56.87,50.59,99.72,70.24,54.45,83.79,65.21,80.10
3,3.33,1803,61.34,57.50,111.81,85.59,55.33,92.75,79.19,58.35,76.00,87.26,66.36,60.33,92.50,68.97,52.24,95.66,73.07,44.46,98.82,80.80,41.42,101.94,80.38,38.55,103.46,73.97,70.83,103.04,76.66,74.86,93.87,71.72,70.14,75.99,85.39,86.03
3,3.51,1810,63.61,59.93,105.80,70.85,53.21,93.23,68.27,55.75,87.54,81.47,62.31,67.92,93.18,70.89,53.22,100.31,77.64,43.47,95.98,82.41,40.84,100.60,85.29,35.58,105.14,80.42,42.05,92.93,69.32,77.62,90.54,65.36,87.20,76.45,68.46,98.66
3,3.31,1817,68.84,56.24,77.65,80.92,62.18,69.10,76.69,61.76,68.42,77.65,63.11,67.35,88.51,69.18,55.45,88.85,70.42,57.03,82.18,67.70,99.14,76.82,65.80,109.17,84.76,68.27,86.84,96.58,68.93,75.99,95.30,68.24,98.50,82.44,71.09,127.59
3,3.25,1824,65.74,43.78,83.24,49.92,63.50,103.81,78.91,59.23,78.08,93.62,67.93,52.74,80.32,67.22,64.96,82.08,69.75,59.12,95.07,81.74,46.41,102.09,85.44,52.23,96.18,69.72,79.06,97.05,68.93,75.47,92.98,64.85,75.25,87.95,59.90,75.24
3,3.66,1831,48.89,62.59,102.19,73.51,62.19,74.44,90.79,72.09,53.16,97.85,87.21,42.03,104.11,92.77,35.80,106.18,92.90,34.25,105.89,93.12,36.64,90.78,85.69,47.94,99.14,71.47,78.91,99.29,70.39,80.91,91.00,62.40,80.41,88.53,58.44,82.47
3,3.58,1839,57.36,51.47,93.36,45.36,58.99,95.30,81.70,66.42,66.68,92.60,76.30,52.91,92.39,73.97,52.80,89.08,85.88,40.95,103.41,96.36,33.03,105.45,97.41,33.12,104.89,83.78,40.77,96.72,72.27,90.03,94.89,69.92,92.67,96.79,70.89,95.43
3,3.69,1845,54.54,54.05,101.09,45.53,53.60,97.80,74.41,61.06,75.07,90.46,62.27,56.27,98.96,78.44,37.45,98.78,85.46,40.44,98.65,85.69,40.58,91.22,77.67,48.92,91.30,71.11,60.97,92.56,68.43,87.77,97.68,65.31,84.11,95.41,70.56,91.06
3,3.66,1854,46.96,59.93,96.10,55.77,54.05,90.44,82.11,61.42,64.35,101.02,71.26,37.64,94.75,76.81,40.14,84.25,69.99,56.58,83.85,69.31,59.75,90.91,74.50,49.48,88.01,67.25,73.31,83.56,65.75,93.22,86.54,64.72,92.74,92.35,66.13,92.38
3,3.66,1862,42.29,69.57,76.29,62.54,75.91,69.12,88.74,79.31,46.03,102.88,87.06,31.26,103.85,94.36,26.55,101.96,92.00,32.45,105.66,92.81,33.25,105.45,89.79,35.53,102.18,71.69,58.08,96.12,72.41,82.73,89.42,63.82,92.70,84.31,59.48,98.05
3,3.64,1870,70.64,57.50,66.04,71.34,78.50,59.98,99.86,88.37,38.86,105.53,109.26,26.65,104.96,109.44,31.04,104.48,107.26,38.55,102.39,104.54,43.59,99.04,90.32,47.01,98.89,72.62,63.83,96.94,71.92,79.35,92.67,67.94,83.55,82.80,58.84,89.06
3,3.51,1878,64.00,57.67,74.53,87.87,74.98,49.61,105.82,102.54,30.74,105.90,109.55,27.96,99.30,105.92,43.81,100.89,113.13,42.56,105.49,118.97,37.50,105.77,111.79,50.19,103.26,79.01,79.67,101.51,70.82,88.57,95.92,60.00,87.23,88.47,55.29,83.90
3,3.31,1884,71.28,58.74,62.64,86.98,78.63,42.29,106.19,99.79,29.02,98.34,102.84,41.01,97.46,108.23,46.67,102.25,118.53,42.03,106.29,124.68,37.85,102.92,102.35,64.55,98.66,82.17,87.74,103.72,73.41,84.90,98.80,58.75,85.81,86.51,53.72,100.71
3,3.18,1892,64.69,56.86,77.97,93.37,71.78,47.30,105.84,94.86,29.59,92.92,93.40,51.39,87.83,96.88,60.47,93.29,109.91,55.01,96.70,108.24,54.28,91.11,85.46,100.92,97.04,81.33,102.11,102.52,79.49,104.51,97.76,70.57,109.18,88.07,61.55,91.67
3,3.04,1900,60.06,52.37,94.22,77.98,61.52,64.62,102.89,80.07,37.77,97.53,90.99,44.33,84.01,89.57,67.23,85.99,94.69,66.10,89.49,100.69,60.68,87.55,81.54,84.46,92.49,80.07,99.15,104.81,77.39,88.41,102.91,67.54,88.36,89.22,55.46,90.71
3,2.92,1907,44.78,60.71,105.03,66.68,60.80,84.48,97.11,80.83,50.82,103.94,91.45,38.98,99.43,97.34,45.64,99.04,103.41,49.34,102.15,111.53,46.86,103.06,94.86,80.19,99.01,80.24,111.90,105.42,75.20,108.85,105.12,68.41,97.78,97.99,65.63,89.04
3,2.85,1914,30.13,58.88,124.22,56.90,61.37,99.16,93.39,84.63,63.20,88.29,95.66,53.42,106.72,101.87,36.20,106.37,104.43,32.50,106.50,104.37,35.05,106.23,100.02,63.26,94.43,75.94,106.59,103.32,69.73,101.90,104.86,68.63,94.03,91.76,64.75,100.69
3,2.79,1922,22.77,59.13,132.50,55.68,63.05,97.82,102.17,91.46,54.14,106.71,101.47,40.11,107.20,103.79,38.43,106.56,107.68,40.07,98.68,103.95,49.31,76.86,94.81,65.72,87.89,79.84,95.03,103.28,71.44,104.26,104.94,64.74,102.34,92.76,62.41,98.94
3,2.76,1929,24.40,55.90,137.76,72.95,67.57,85.17,101.06,87.93,58.28,105.78,97.26,43.93,89.33,97.36,59.38,99.22,102.39,44.81,106.64,108.33,41.64,99.54,89.83,75.93,89.94,81.87,106.81,101.91,68.35,98.73,105.25,67.10,80.91,89.60,57.42,83.68
3,2.60,1937,26.39,54.58,140.40,47.94,60.50,104.95,98.96,85.74,57.73,106.02,99.18,41.51,106.94,105.81,37.99,107.29,103.98,40.71,91.34,107.02,53.59,97.71,93.37,54.61,93.91,76.11,93.88,100.25,73.64,102.10,105.15,72.45,100.73,97.51,71.02,109.08
3,2.52,1945,25.68,53.56,140.73,40.44,59.47,118.40,94.83,74.92,58.49,103.39,92.49,42.92,107.24,100.74,36.01,107.53,103.87,35.63,107.42,103.59,36.40,105.85,94.25,42.45,91.92,74.90,101.33,94.88,75.22,105.88,105.24,74.16,95.95,99.25,69.42,98.49
3,2.52,1954,32.67,51.46,133.45,45.81,58.75,111.65,88.03,58.03,76.65,91.13,66.40,68.92,93.39,68.02,62.94,90.58,69.81,58.55,93.02,72.18,53.68,88.42,77.26,57.00,97.39,71.08,83.52,95.79,71.52,89.24,105.39,75.60,87.11,104.36,82.61,108.78
3,2.83,1963,38.44,53.83,124.40,70.55,49.80,103.34,72.83,53.45,87.66,87.39,64.50,61.73,93.57,68.34,55.41,81.10,61.36,73.55,79.59,65.47,71.32,77.56,61.41,85.88,69.78,61.03,107.78,78.79,62.58,86.46,82.21,63.30,80.21,72.43,59.15,101.91
3,2.85,1969,48.04,49.04,108.33,76.14,51.26,101.02,83.99,59.49,72.95,89.55,68.26,59.44,92.35,74.00,51.62,96.54,77.03,47.42,101.71,81.75,39.76,96.78,75.17,55.94,94.23,71.11,88.50,100.22,82.05,88.08,103.35,90.47,95.09,92.11,86.69,121.34
3,3.07,1977,69.87,51.10,104.78,91.01,57.28,78.87,98.35,70.58,52.13,103.51,78.84,40.08,105.76,84.86,35.22,104.96,87.13,35.50,105.50,86.93,36.44,102.16,82.12,37.06,97.62,68.03,66.15,104.70,83.81,79.80,102.34,84.11,81.86,87.26,80.45,101.53
3,3.18,1983,76.52,49.24,96.36,90.32,56.32,82.41,101.00,71.56,51.16,105.47,80.00,39.90,105.48,85.92,37.05,105.40,90.06,35.25,105.61,91.51,35.20,105.73,90.35,33.96,94.98,64.06,43.51,97.05,72.55,72.20,98.92,80.76,81.20,91.72,81.83,92.31
3,3.33,1991,82.15,48.63,85.39,97.01,60.16,74.67,100.59,76.16,46.76,104.12,84.93,38.39,105.65,90.38,34.56,105.87,92.00,32.70,105.51,91.97,33.07,105.47,91.39,30.43,100.20,75.50,42.60,102.08,70.99,64.56,101.82,85.28,78.11,93.88,90.20,95.81
3,3.38,1998,78.53,45.40,71.06,98.57,62.72,65.41,101.96,76.11,43.16,105.51,86.89,34.77,105.40,90.92,32.12,105.83,90.76,31.84,105.51,89.87,32.40,105.75,87.81,32.04,99.19,73.25,41.70,95.30,66.70,74.69,94.63,79.62,86.80,85.42,79.11,105.01
3,3.60,2005,77.97,50.38,83.35,89.45,59.09,68.88,102.87,76.69,43.64,105.12,84.31,37.12,105.72,87.09,33.56,105.36,89.65,32.45,105.79,89.76,33.08,105.60,91.28,33.02,102.69,79.36,36.90,90.07,65.82,64.76,96.26,72.88,80.95,87.84,72.30,101.98
3,3.71,2012,78.36,51.11,82.73,68.99,52.91,86.52,95.44,70.20,54.05,100.25,80.04,43.47,102.50,86.65,37.94,105.00,89.52,33.41,105.27,90.44,32.09,102.25,87.59,32.17,104.86,85.91,30.14,99.15,62.66,45.22,92.11,66.23,68.56,84.66,74.68,92.77
3,3.71,2018,72.38,51.35,81.06,58.41,50.23,92.50,97.05,67.80,51.93,105.16,83.50,36.85,105.38,88.83,33.44,105.51,89.51,31.62,105.56,90.60,30.60,104.83,90.17,29.04,101.36,87.33,29.49,98.53,62.48,49.54,96.12,66.97,68.37,90.86,78.42,86.85
3,3.98,2026,40.16,52.67,101.23,63.50,54.72,88.87,92.04,68.79,54.83,97.26,80.94,44.52,101.76,84.80,37.78,105.09,86.80,32.22,105.52,87.37,31.21,105.70,87.20,31.00,103.39,84.32,34.50,94.62,68.86,63.97,86.71,64.97,86.26,83.57,69.95,97.08
3,4.02,2033,31.59,55.54,105.54,51.40,52.48,95.76,74.01,55.99,76.44,84.81,66.33,60.10,89.47,71.69,52.30,92.37,75.19,45.88,94.33,76.17,43.38,96.23,79.68,40.87,92.49,81.68,58.01,87.38,68.62,86.61,80.19,64.94,100.83,76.49,70.61,114.39
3,4.07,2041,27.78,55.56,107.48,43.35,57.57,99.41,83.36,63.63,67.19,90.68,74.67,57.79,96.76,79.58,44.58,100.31,78.20,39.24,100.64,79.24,36.16,94.94,79.85,38.51,94.56,86.56,66.73,94.43,76.58,88.46,82.15,59.54,109.84,77.67,64.46,113.42
3,4.05,2048,36.73,48.82,108.07,31.72,56.17,116.67,71.01,66.13,81.53,85.11,78.67,71.23,91.89,87.16,56.52,96.90,95.06,44.46,103.64,100.26,33.42,105.81,99.23,31.68,91.52,94.65,45.66,97.55,72.63,55.75,88.80,62.00,87.67,74.77,66.05,102.80
3,3.84,2057,47.42,54.41,107.59,34.35,57.81,112.14,84.40,82.73,68.94,97.31,93.57,57.14,101.25,104.36,44.52,104.70,108.18,38.06,106.33,109.82,37.56,97.58,105.70,46.46,103.95,86.03,45.19,104.29,75.20,75.86,100.50,70.49,91.69,94.21,62.63,95.43
3,3.75,2067,56.65,56.68,112.03,43.34,62.55,100.15,94.56,90.17,58.06,102.92,98.18,44.86,106.37,105.52,37.31,106.18,104.12,36.30,105.57,102.68,34.30,101.27,94.61,37.59,92.70,88.38,69.08,100.60,74.50,91.19,97.44,59.46,102.24,86.79,54.35,111.61
3,1.83,2415,96.18,27.74,182.64,103.85,45.18,132.54,103.79,61.69,89.72,112.71,79.52,37.83,88.48,79.72,29.11,94.50,82.55,22.25,98.76,82.51,16.29,88.51,59.91,25.31,78.18,56.85,36.16,85.33,68.51,38.75,80.62,67.30,45.13,65.10,74.40,62.68
3,2.01,2421,92.58,27.82,180.17,99.72,38.47,143.43,116.97,71.38,52.99,77.77,71.39,39.86,84.06,74.17,32.55,93.18,75.85,22.60,101.34,81.66,15.27,87.59,66.00,29.80,68.65,64.42,50.21,67.70,72.19,55.57,66.54,71.71,59.03,70.08,71.52,64.59
3,2.22,2428,78.85,35.91,139.68,104.45,73.79,44.58,80.79,68.58,39.02,86.40,69.21,32.21,90.83,74.10,25.43,97.55,80.21,18.78,97.32,79.42,17.08,80.76,63.11,23.34,77.96,51.58,37.84,79.60,71.67,40.39,79.57,78.00,50.17,81.52,74.17,60.23
3,2.32,2435,84.10,60.18,85.64,75.14,64.92,48.22,80.27,67.01,39.88,87.12,72.81,31.11,90.24,76.85,26.25,97.15,81.75,18.72,101.01,86.31,13.68,82.99,75.98,18.53,82.13,43.00,27.36,98.24,58.15,30.36,92.82,71.32,40.33,85.35,74.70,48.86
3,2.47,2442,88.87,69.76,45.45,43.73,66.25,65.42,74.15,66.51,43.86,83.52,72.74,31.96,89.90,69.60,21.43,94.09,75.58,17.95,97.13,82.90,16.40,98.59,88.24,13.62,79.27,65.08,21.00,92.20,55.97,31.59,88.85,73.08,41.40,82.03,73.69,49.63
3,2.69,2450,44.33,68.90,64.01,68.26,64.38,50.36,95.79,75.32,23.41,101.71,80.90,16.88,101.86,87.38,15.11,100.96,89.99,13.59,100.53,92.67,13.10,99.43,89.11,12.92,83.77,59.81,23.17,84.81,50.46,34.87,83.88,71.37,42.20,86.36,80.91,49.24
3,2.89,2457,39.44,68.68,66.54,62.37,68.06,52.57,90.02,75.68,27.83,95.82,84.25,19.91,100.89,85.88,14.89,96.89,86.68,16.06,91.92,87.36,21.24,88.03,84.65,22.56,76.89,73.94,33.99,65.78,55.46,49.55,65.38,69.74,55.35,60.63,69.71,59.77
3,3.07,2464,45.15,69.52,58.60,50.51,66.61,56.02,93.60,66.03,22.88,101.33,77.03,17.36,101.61,87.10,15.45,101.53,90.05,14.13,101.00,90.91,14.08,100.18,89.84,14.91,100.05,91.76,14.06,78.62,59.14,34.17,76.25,71.64,48.77,72.78,74.91,54.41
3,3.22,2472,42.30,68.62,57.92,59.51,58.59,42.45,92.97,64.57,22.29,97.21,78.07,17.73,99.29,85.87,15.77,100.82,91.29,14.61,98.80,90.18,15.34,96.75,94.78,14.39,89.57,81.51,20.80,82.10,46.96,35.87,86.64,65.84,36.24,78.98,79.33,46.90
3,3.47,2477,39.42,60.41,43.21,72.73,56.31,35.58,91.65,67.26,22.64,97.17,77.25,17.69,99.70,84.37,15.71,99.54,91.85,14.65,99.80,92.80,13.83,100.50,96.72,12.80,79.58,82.15,21.84,77.81,51.62,36.52,85.92,67.28,41.31,82.79,71.19,48.33
3,3.64,2483,60.01,49.34,27.35,77.06,58.89,27.52,96.07,68.69,22.41,100.18,73.13,19.35,99.40,84.85,15.29,98.54,89.01,13.79,99.34,91.54,13.11,94.04,93.76,13.29,78.89,81.59,22.28,77.92,55.97,37.98,79.65,61.07,42.17,83.61,75.76,45.58
3,3.86,2491,68.36,56.36,24.85,92.86,59.73,23.57,99.33,67.54,20.72,94.10,82.54,16.28,100.85,91.99,13.85,97.35,93.68,13.09,92.34,97.41,14.89,88.64,74.01,22.45,76.42,48.35,34.98,63.07,59.30,48.99,64.93,63.09,52.75,64.96,71.83,55.03
3,4.02,2497,66.61,61.79,26.02,83.91,55.48,26.27,98.47,68.86,21.42,97.44,85.19,16.12,99.96,93.43,14.17,98.92,102.11,13.42,91.69,97.09,15.22,87.37,88.07,21.09,84.34,59.14,32.47,66.58,62.57,47.03,60.49,66.41,59.38,57.51,69.71,61.65
3,4.13,2505,70.10,76.62,29.67,61.97,72.41,33.47,84.82,64.30,27.59,92.30,78.82,21.01,94.92,89.75,15.78,97.65,96.57,14.68,97.89,94.83,14.17,76.39,97.93,18.82,79.95,77.54,29.45,69.32,61.23,43.04,65.65,65.11,49.64,64.15,70.23,53.89
3,4.10,2513,53.81,72.05,40.01,45.51,77.03,47.72,64.73,78.02,42.26,71.27,83.64,37.84,72.92,90.00,32.71,76.40,91.58,30.02,80.11,97.16,27.11,78.22,95.38,25.40,79.17,81.51,30.62,77.68,59.40,38.67,73.64,58.44,45.60,75.35,71.60,43.92
3,4.18,2520,46.43,74.04,45.90,38.91,77.50,50.09,58.41,74.63,46.24,65.77,83.40,40.93,72.98,85.89,35.54,77.98,95.17,29.46,83.20,97.44,25.58,82.67,103.52,24.03,69.90,92.23,28.35,66.66,85.31,38.70,64.20,62.81,47.56,61.22,62.63,51.24
3,4.02,2528,40.71,65.46,51.32,27.09,78.93,57.26,54.99,80.83,46.69,71.59,89.17,39.83,79.79,104.64,31.79,85.27,108.27,25.42,90.22,114.38,20.85,91.93,118.39,17.98,85.09,106.47,22.54,77.82,96.05,41.19,71.23,68.58,50.81,64.91,63.58,54.87
3,4.10,2537,40.48,70.36,52.11,31.86,80.44,57.09,50.01,84.60,44.95,81.91,106.86,30.92,88.04,116.11,27.50,89.71,119.24,23.74,90.93,120.20,21.87,90.87,128.12,21.67,84.83,111.76,27.10,81.59,87.15,40.52,72.33,65.06,51.86,66.04,60.09,57.60
3,4.32,2543,21.81,80.72,61.59,30.31,86.21,54.52,68.84,96.87,31.34,97.21,116.09,20.26,101.42,120.87,15.49,101.16,130.25,14.42,98.51,139.35,13.96,95.67,129.01,18.69,93.10,121.52,24.61,92.18,80.96,36.38,85.64,62.24,47.65,82.81,55.03,54.17
3,4.32,2551,50.24,68.43,45.74,42.42,78.71,48.42,52.59,86.99,41.23,81.80,101.13,29.07,93.65,110.33,21.44,98.22,115.34,16.60,96.32,118.43,17.96,87.64,122.26,21.49,87.22,130.42,22.51,92.27,88.54,33.03,87.60,58.77,40.61,88.15,53.51,43.56
3,4.82,2558,66.21,70.32,30.92,67.05,73.89,25.55,93.86,93.93,16.63,98.20,99.21,15.87,100.05,119.59,14.17,98.08,136.15,12.87,95.27,136.33,13.79,89.18,122.28,19.96,70.62,98.06,43.53,71.17,72.69,51.50,72.22,57.91,49.53,74.07,55.06,48.73
3,5.12,2566,68.22,59.68,25.88,96.90,89.76,16.56,101.05,100.20,16.58,102.33,103.81,15.13,103.09,110.94,14.33,100.10,111.24,14.56,95.29,116.81,16.20,94.05,106.92,21.26,85.04,81.88,39.54,77.69,68.39,46.73,68.70,63.33,55.75,63.16,62.03,58.49
3,5.08,2573,55.29,42.20,29.41,85.73,59.44,20.09,89.31,72.86,18.91,95.49,83.63,16.73,99.45,93.46,14.36,97.76,92.40,14.41,92.96,90.31,15.99,80.69,94.17,26.05,73.02,82.23,39.14,69.80,67.46,46.65,68.56,58.78,52.44,76.17,62.67,51.74
3,4.72,2580,51.46,56.82,36.86,69.82,56.04,25.77,93.28,73.63,19.50,96.16,81.98,17.88,98.80,102.36,15.14,97.69,103.08,14.77,97.00,90.89,16.42,91.00,92.38,19.68,76.83,81.18,38.62,70.62,62.37,48.75,65.15,61.23,51.89,60.93,60.97,53.79
3,4.37,2587,29.54,68.37,54.40,45.88,69.33,47.35,79.77,72.22,24.74,94.17,84.60,19.63,96.43,94.54,16.00,98.78,104.17,15.63,95.52,105.35,16.57,88.39,99.42,21.21,72.82,83.93,40.39,68.56,64.39,51.04,63.10,61.13,51.53,62.42,62.96,52.58
3,4.26,2595,22.15,76.07,66.73,27.90,80.48,62.87,66.73,81.01,39.29,82.79,93.93,32.12,91.39,97.92,23.70,93.10,112.49,20.21,97.25,116.34,17.10,100.12,115.96,16.80,73.18,96.82,43.36,70.87,68.73,51.93,67.87,62.60,49.78,66.00,62.97,50.80
3,4.07,2602,18.90,80.55,66.06,32.95,81.20,58.53,78.09,85.63,30.36,97.53,99.97,21.63,101.99,103.21,15.94,101.48,107.60,13.78,98.39,118.01,17.69,99.24,115.59,18.14,80.34,75.20,56.30,74.75,62.54,56.30,69.48,61.69,56.05,64.70,54.27,53.66
3,3.77,2610,23.66,69.70,56.67,21.44,83.72,62.63,62.39,82.41,37.14,95.67,97.28,23.56,97.79,104.28,18.95,98.96,104.92,15.23,101.70,121.40,13.80,98.68,118.91,17.18,93.55,87.71,36.89,77.44,61.00,50.69,61.75,60.10,60.32,56.15,59.49,62.53
3,3.75,2617,18.57,83.67,63.73,30.98,84.07,55.04,88.96,90.11,24.37,103.02,106.65,19.04,102.45,108.63,15.45,102.06,112.88,14.52,101.42,125.24,16.21,93.32,119.16,25.90,87.48,78.41,44.92,77.70,60.56,46.28,63.91,57.83,55.64,58.09,56.68,60.11
3,3.47,2625,18.98,80.15,67.88,35.68,79.38,54.48,87.65,91.51,27.98,96.72,105.50,22.54,98.69,110.49,18.44,100.75,115.35,15.57,99.54,120.66,17.06,92.08,104.65,36.01,82.37,70.20,49.14,74.99,65.76,51.65,69.79,62.51,51.65,60.72,61.12,54.03
3,3.26,2633,21.91,75.75,65.04,28.71,74.92,56.24,74.76,82.54,30.31,95.02,99.91,22.63,95.87,108.22,18.85,96.99,110.72,17.49,97.61,121.89,17.82,95.97,117.05,25.61,82.88,76.41,49.06,77.93,61.27,52.29,74.56,56.26,54.26,71.78,54.99,51.64
3,3.07,2640,21.77,74.71,63.03,28.90,83.64,56.08,93.97,94.05,22.14,103.82,115.27,19.21,104.09,120.84,16.00,103.35,131.01,14.82,104.05,137.35,15.85,103.35,114.85,30.34,97.89,71.51,44.76,88.18,62.12,47.03,84.40,52.82,48.40,76.25,47.73,48.53
3,2.92,2647,20.30,75.09,67.85,39.12,80.33,51.39,99.97,101.63,21.85,104.23,112.25,18.69,104.11,117.35,15.58,103.15,126.23,14.38,102.63,134.54,15.61,99.27,91.28,40.42,94.80,66.17,49.34,92.54,57.47,51.63,85.21,46.43,48.95,74.68,45.68,47.81
3,2.76,2655,24.35,68.64,68.05,29.75,74.98,60.57,87.43,91.77,27.05,103.81,110.15,18.91,103.65,115.36,15.86,103.28,122.10,14.55,103.89,132.85,15.88,96.86,105.80,34.01,89.91,68.32,46.86,84.70,59.38,51.69,75.17,49.21,51.77,70.19,51.25,48.91
3,2.58,2664,30.27,66.31,64.33,39.76,73.29,57.24,89.04,93.26,30.45,100.20,105.27,21.88,104.36,113.37,16.57,103.90,123.43,15.99,103.95,128.78,18.87,101.20,88.70,45.51,99.36,64.73,44.54,88.60,53.87,49.42,80.49,46.31,48.16,66.11,44.09,46.50
3,2.52,2671,53.50,72.87,56.83,58.99,76.95,45.33,93.27,96.80,28.93,101.28,106.62,19.18,103.48,111.01,15.84,103.04,118.05,15.78,102.53,109.67,27.10,95.47,75.34,45.35,88.23,60.27,53.69,85.29,55.10,53.90,79.54,53.75,51.70,74.73,51.27,47.59
3,2.34,2679,97.12,64.85,93.53,61.16,74.45,47.99,96.31,92.05,26.33,103.80,104.49,19.92,103.85,110.59,16.88,104.33,116.91,16.18,104.71,118.45,20.18,96.61,83.62,43.67,84.21,62.27,52.72,80.41,53.57,55.33,72.50,51.84,51.64,69.82,57.59,52.30
3,2.21,2687,82.61,32.65,162.26,93.50,73.84,59.19,101.09,96.08,27.44,104.54,105.44,21.03,104.48,111.50,17.81,104.07,118.91,15.77,104.26,109.79,24.42,102.12,75.86,46.21,97.43,62.97,45.73,94.65,56.57,49.34,78.92,49.17,46.91,71.42,54.19,45.66
3,2.13,2695,80.67,31.45,167.60,88.46,61.26,88.50,103.01,96.23,26.78,103.74,104.43,20.12,104.17,109.46,16.97,104.59,115.85,15.67,102.99,107.10,25.29,100.63,71.11,44.69,93.30,60.77,45.68,87.89,51.02,43.61,75.37,53.96,46.66,63.66,60.65,52.80
3,2.08,2701,86.67,27.13,186.99,89.22,47.43,134.53,102.32,88.38,35.24,81.06,92.01,38.93,81.65,97.61,34.65,82.92,97.48,30.47,84.62,94.30,31.91,80.89,68.77,48.49,77.89,59.87,51.71,75.58,49.82,50.45,67.00,51.81,51.58,64.18,60.21,56.88
3,2.00,2710,89.60,27.78,180.65,90.44,36.42,158.19,109.66,84.11,49.80,88.31,91.69,33.27,96.89,98.73,23.14,100.59,103.66,18.85,98.02,104.13,21.47,87.56,79.34,39.70,81.60,56.95,47.36,79.11,48.68,47.09,72.56,48.39,48.59,67.25,54.97,51.03
3,2.01,2718,88.59,27.90,171.76,97.03,54.48,107.85,107.08,85.12,37.35,98.97,91.11,26.09,100.95,92.83,21.34,75.39,105.40,31.17,91.10,87.33,37.80,90.52,60.38,49.22,86.92,50.64,51.30,90.25,48.19,47.87,92.68,45.24,41.51,89.41,47.96,43.31
3,1.98,2725,93.95,26.14,176.66,100.81,39.06,154.58,116.09,75.27,79.85,83.79,86.49,42.32,77.96,88.21,40.50,78.55,89.02,31.68,83.61,94.94,23.99,89.76,70.94,40.47,79.15,58.83,44.95,81.01,66.62,38.91,79.68,66.01,40.78,54.86,64.14,57.30
3,1.90,2733,94.22,26.00,174.72,100.32,47.59,138.42,110.28,77.32,84.93,97.19,91.00,33.14,80.22,91.35,35.17,84.70,95.66,24.21,87.81,82.43,28.69,82.86,60.65,34.88,66.67,50.32,46.64,78.03,50.20,40.52,86.83,56.53,41.16,82.19,64.90,43.01
3,1.85,2741,106.39,29.87,171.44,104.94,55.52,130.01,104.37,70.48,96.64,111.04,92.46,34.59,85.76,92.83,32.76,93.79,92.95,23.92,94.38,91.93,22.64,78.28,76.05,35.16,79.60,60.12,37.21,88.55,78.04,31.49,89.24,75.56,30.51,70.12,64.43,45.92
3,1.65,2749,97.45,28.10,152.30,105.13,56.48,128.02,103.95,76.15,90.61,103.58,92.06,53.40,104.14,98.69,23.75,102.13,100.35,18.82,92.23,94.67,22.97,72.73,72.43,31.56,74.22,58.43,44.38,73.33,66.40,43.51,74.73,72.61,41.34,67.72,71.06,46.82
2,3.33,2925,28.11,83.43,61.88,28.50,64.36,79.26,36.99,31.44,98.30,28.83,27.12,98.35,26.37,26.43,94.71,26.49,27.34,95.45,20.26,54.04,79.16,53.57,65.26,48.82,83.78,51.22,32.55,79.34,55.77,31.70,73.37,62.30,34.61,65.33,65.54,34.94
2,3.36,2931,22.14,83.32,66.46,30.58,57.93,82.93,35.28,31.97,94.78,28.18,28.22,95.82,25.68,27.80,91.66,27.98,24.48,96.50,21.80,42.93,86.18,55.02,67.34,45.44,83.81,49.31,31.97,76.33,57.85,35.23,66.33,58.19,41.33,58.50,64.75,45.17
2,3.31,2938,21.22,78.72,69.92,28.30,63.93,82.00,38.50,31.41,97.07,29.53,27.97,95.87,25.65,32.28,85.86,28.85,25.27,92.98,26.21,37.39,90.17,45.09,63.13,55.42,65.69,60.67,35.96,72.16,57.08,36.33,62.86,60.87,42.75,59.98,68.39,43.84
2,3.14,2945,22.27,75.09,69.65,26.89,64.90,81.00,41.01,29.17,100.61,29.58,28.06,92.72,26.20,31.10,86.29,29.23,24.12,92.87,27.53,38.95,88.66,55.27,58.25,51.02,72.30,66.89,31.89,74.03,62.04,33.63,63.75,62.26,39.82,54.47,68.23,45.78
2,3.02,2953,23.01,71.81,69.93,24.38,66.00,77.03,39.40,32.80,97.34,29.60,29.61,91.70,27.56,30.73,88.24,29.19,26.42,94.09,24.18,45.10,83.13,49.10,64.66,51.16,80.71,63.26,28.88,80.57,67.10,28.87,75.19,68.86,32.78,64.79,67.94,36.96
2,2.88,2961,24.58,66.84,72.17,21.72,70.81,71.96,43.27,30.63,95.61,33.49,24.04,87.20,31.46,31.17,83.26,30.97,25.81,92.20,25.68,39.74,86.78,43.86,69.98,54.13,75.66,71.26,29.82,80.80,65.64,29.36,75.61,66.35,33.17,66.31,67.95,36.70
2,2.85,2969,20.64,70.25,75.46,27.97,60.33,75.86,47.39,20.25,108.16,32.84,23.65,90.93,30.42,27.59,89.39,30.73,28.19,90.50,28.22,44.28,78.17,71.77,66.66,38.25,80.71,71.90,27.22,82.13,66.47,29.37,73.17,65.23,34.47,65.59,67.55,36.71
2,2.69,2977,23.02,66.47,74.87,29.32,58.73,78.20,48.55,21.90,110.51,35.65,22.37,95.89,32.66,27.39,91.71,31.80,31.79,86.75,38.61,47.93,68.06,82.67,66.60,30.82,89.55,66.27,24.34,86.91,67.87,25.38,75.19,65.96,33.00,65.97,66.88,35.10
2,2.61,2984,23.80,64.41,72.56,30.90,54.14,81.39,49.35,20.87,110.82,36.87,21.41,97.12,34.59,25.61,93.39,32.70,32.02,87.80,36.21,52.90,67.69,83.77,68.26,26.84,98.12,66.77,18.34,93.09,65.09,19.17,73.19,67.10,32.95,64.82,68.38,36.83
2,2.55,2991,43.40,65.69,66.18,27.64,58.76,80.11,45.49,28.22,106.65,36.78,23.22,97.51,37.17,23.90,93.70,34.73,30.46,90.20,28.25,48.77,76.57,79.24,69.67,29.00,92.35,66.12,20.40,89.97,62.14,21.67,72.54,64.20,33.41,65.93,71.84,36.38
2,2.57,2999,32.63,67.64,70.85,31.48,49.47,92.25,37.85,30.85,104.04,30.92,31.32,95.66,31.96,29.47,96.97,25.52,44.06,86.09,34.40,60.59,71.50,60.27,71.19,45.76,75.08,62.91,37.83,75.93,65.09,36.41,71.36,66.39,35.91,67.39,66.37,34.99
2,2.52,3007,47.21,72.93,66.00,31.98,46.22,99.45,37.86,26.94,112.17,31.88,26.11,105.58,31.33,23.92,107.21,22.12,44.88,91.35,36.92,67.17,60.25,74.11,56.43,40.42,72.09,59.51,40.38,64.17,62.40,45.59,56.79,66.75,48.24,53.49,69.62,49.81
2,2.41,3014,93.71,82.61,53.83,26.66,55.09,89.32,37.16,30.38,110.70,31.07,28.44,103.60,29.07,28.08,101.98,25.68,31.99,99.72,31.81,53.58,77.74,56.79,69.22,44.07,69.03,57.45,38.68,59.90,60.13,45.83,61.76,66.34,43.02,65.43,71.96,40.69
2,2.31,3021,87.88,61.87,118.01,66.79,59.14,75.47,39.65,28.35,110.92,29.00,29.46,101.01,28.43,29.64,100.62,23.86,34.46,97.68,44.23,46.83,69.11,60.94,67.91,42.06,65.55,62.15,37.55,66.18,56.83,41.00,60.79,65.94,42.96,63.15,69.87,42.33
2,2.23,3029,84.95,38.88,163.77,82.09,52.70,84.72,39.56,26.29,107.41,30.64,28.50,102.20,27.25,27.26,101.47,20.02,47.59,87.68,42.69,65.78,57.62,76.82,58.39,35.07,78.78,61.10,34.29,72.95,68.88,37.15,66.93,73.15,39.43,69.43,74.03,35.90
2,2.21,3037,87.42,31.28,182.54,102.88,52.33,87.81,32.76,32.29,98.22,25.60,33.66,96.45,23.06,36.33,94.33,22.00,45.32,85.11,49.00,65.75,55.77,74.82,71.62,31.16,91.05,62.58,24.15,89.47,68.07,23.99,76.28,63.73,30.14,62.19,74.09,40.10
2,2.12,3045,89.60,31.80,182.23,101.43,44.90,122.68,49.36,26.33,99.16,24.23,28.17,94.15,21.15,31.59,92.15,19.96,38.27,86.75,42.55,56.63,60.68,78.16,69.81,29.01,91.01,61.67,21.94,92.75,66.56,19.13,79.32,64.03,26.75,61.05,74.31,42.48
2,2.15,3053,85.60,31.98,176.07,91.70,37.99,107.27,29.95,25.10,97.69,20.56,32.81,88.16,20.23,30.11,91.66,17.80,43.76,84.56,47.85,68.37,53.83,81.84,68.02,33.06,83.35,72.46,29.35,84.75,80.53,27.77,79.03,70.99,29.99,67.50,76.80,38.22
2,2.15,3061,86.60,32.21,175.84,91.95,39.12,105.21,30.83,26.28,97.63,20.38,35.34,87.90,18.52,34.76,89.17,18.44,41.54,85.24,38.76,67.95,57.04,78.72,75.00,29.88,82.55,72.45,28.11,83.60,77.54,26.50,78.51,70.31,29.13,64.03,76.30,38.73
2,2.24,3067,90.92,38.09,158.15,67.96,35.97,85.47,25.93,29.16,97.74,20.06,33.35,91.23,19.32,33.20,92.15,18.08,46.47,84.89,40.88,74.98,52.98,79.78,69.88,30.68,86.04,70.11,24.84,87.90,81.16,22.70,83.09,73.17,24.90,72.35,74.92,32.56
2,2.26,3075,100.54,49.68,147.20,74.17,48.18,79.95,25.93,35.93,100.18,21.09,41.75,91.39,20.48,41.76,90.94,26.24,51.93,77.90,44.10,71.67,51.51,77.57,62.72,31.86,86.64,64.70,26.24,86.66,70.27,24.13,74.85,65.68,29.71,68.08,74.71,36.89
2,2.26,3083,83.02,49.69,145.61,69.43,45.49,84.76,28.89,29.13,103.53,22.19,32.57,94.48,22.82,31.65,96.68,21.50,46.22,86.89,41.08,70.11,56.13,77.83,57.04,37.06,78.39,58.90,35.69,70.25,62.25,36.35,61.77,66.46,41.79,55.71,73.20,48.05
2,2.26,3091,81.80,46.07,148.59,69.39,44.41,86.61,28.73,35.36,99.17,22.88,42.09,89.96,23.71,35.68,91.71,25.24,39.06,83.47,45.47,60.85,51.80,70.90,54.48,32.32,77.97,51.75,29.32,76.53,54.40,32.55,70.27,68.37,35.24,72.25,72.71,36.38
2,2.13,3099,78.91,39.32,160.89,87.95,43.46,129.58,42.43,41.50,89.33,24.49,42.90,92.26,22.82,44.69,90.08,27.42,40.19,76.51,47.84,50.28,53.23,67.88,57.40,30.36,80.48,49.19,27.55,76.41,52.67,31.23,70.24,61.52,36.05,73.43,71.09,37.75
2,2.12,3107,73.39,42.95,147.58,74.66,37.42,138.09,41.94,36.28,91.44,25.18,37.71,93.29,22.65,42.29,89.90,19.41,55.77,79.49,52.50,55.25,58.43,82.78,55.59,35.04,73.83,58.96,37.19,74.57,63.30,36.17,75.53,70.75,31.94,78.78,70.32,29.94
2,2.08,3115,87.99,37.62,157.87,76.43,42.77,152.47,65.94,43.95,87.90,28.83,35.10,98.24,25.56,38.52,93.29,22.57,45.99,87.76,33.38,64.16,69.85,81.52,61.31,31.89,93.46,61.65,22.04,105.07,82.70,26.82,90.40,78.96,27.22,74.91,68.31,32.88
2,2.29,3122,85.21,52.07,143.36,82.66,50.88,76.22,34.81,35.13,98.46,27.78,40.14,89.24,27.52,38.98,88.26,24.67,48.89,82.75,40.29,67.68,57.18,69.46,58.13,39.65,74.99,62.97,36.19,73.83,68.35,36.63,73.80,72.41,35.19,73.67,68.91,34.77
2,2.26,3131,91.23,42.40,160.73,96.69,67.51,57.86,39.35,35.48,97.48,30.70,35.96,88.92,27.96,38.22,85.14,28.65,43.77,77.36,48.02,57.96,53.58,76.40,57.12,34.97,78.20,66.24,31.06,76.30,69.99,30.04,68.84,68.94,34.92,60.18,72.39,40.84
2,2.33,3139,115.17,54.67,127.73,67.87,59.53,66.87,33.16,40.61,90.86,26.40,50.02,79.28,31.92,48.26,78.23,40.67,46.56,67.67,47.53,58.85,56.49,60.94,63.87,43.63,64.14,70.41,40.15,63.18,72.33,39.51,51.06,69.07,47.68,42.54,71.41,54.02
2,2.30,3148,104.45,39.59,166.21,78.02,59.15,59.72,24.43,53.70,82.21,28.10,44.43,84.83,27.42,47.50,79.51,38.21,41.09,70.68,40.77,52.12,65.46,66.95,60.93,40.98,72.65,67.32,36.88,70.16,69.32,35.61,59.23,68.49,43.77,49.60,71.34,49.68
2,2.73,3156,22.53,66.24,81.18,32.50,37.98,101.38,22.88,49.62,79.60,33.94,44.67,69.97,39.71,47.47,68.18,38.78,54.60,66.39,47.41,59.64,52.97,64.67,68.24,41.79,65.10,67.77,40.17,59.06,68.05,43.11,44.60,70.43,53.73,42.21,70.90,54.95
2,2.70,3164,23.13,68.06,75.67,25.52,64.42,77.11,38.77,33.22,105.10,33.99,31.50,76.67,39.38,32.22,75.40,38.47,36.27,77.26,31.53,49.10,68.14,72.96,60.24,36.73,74.94,67.93,28.46,77.58,64.08,27.37,65.39,67.76,36.59,60.50,65.28,38.93
2,2.94,3172,22.05,69.57,78.15,29.29,57.66,81.95,38.46,33.01,90.92,36.20,35.12,76.96,31.72,40.69,77.88,29.31,46.21,70.58,39.23,55.80,59.18,72.67,63.85,35.18,73.86,63.57,32.12,68.61,63.99,35.23,53.38,68.03,46.67,50.36,69.64,47.85
2,2.94,3179,23.21,66.54,78.78,25.64,64.23,76.26,37.67,40.18,83.35,39.43,34.04,77.52,28.84,48.95,74.64,39.13,52.02,58.83,45.09,57.99,52.92,68.32,65.05,36.08,69.85,65.53,33.61,63.15,64.66,38.09,45.51,68.38,52.20,44.91,70.33,52.47
2,3.04,3187,21.25,72.86,74.05,30.83,53.73,86.14,42.86,27.00,87.18,40.37,33.26,80.57,37.98,35.61,82.49,31.12,36.82,83.04,30.91,58.69,66.85,67.10,67.66,36.29,74.31,63.03,32.11,66.60,63.74,36.68,56.31,65.43,42.71,53.88,66.50,44.31
2,2.85,3195,24.23,67.63,76.10,21.50,72.18,73.01,40.09,38.06,94.07,35.68,27.40,85.45,34.45,37.31,79.88,28.81,38.10,87.81,24.71,55.35,74.28,60.62,59.88,45.87,73.48,61.86,35.23,70.23,64.61,35.09,62.55,63.93,39.54,56.60,66.66,42.48
2,2.89,3202,22.30,69.77,79.36,22.97,69.17,78.42,35.38,42.34,92.88,31.67,39.79,84.76,24.84,45.81,85.24,28.10,50.41,77.91,28.29,61.81,71.58,51.58,65.19,52.54,57.23,65.46,47.49,54.51,66.92,47.82,47.60,66.58,51.65,44.71,69.58,53.09
2,2.97,3209,20.83,73.57,79.62,24.57,67.99,81.34,31.09,43.73,98.77,25.37,43.47,89.00,25.67,41.26,90.71,24.57,44.15,88.34,24.77,57.38,77.33,52.94,68.55,52.95,57.61,67.46,48.22,59.17,66.28,46.72,55.44,66.32,48.57,50.80,69.00,49.67
2,2.85,3217,22.53,75.80,77.27,23.36,68.12,79.88,35.88,24.58,112.98,25.93,26.42,103.10,27.68,28.77,103.87,16.09,71.64,74.23,24.17,74.56,59.47,78.38,55.90,35.76,86.17,59.12,30.67,84.94,62.64,30.62,78.32,65.43,33.04,71.52,66.07,35.80
2,2.85,3225,18.56,81.01,77.98,27.56,55.54,91.84,35.58,22.04,115.00,26.66,23.66,103.80,26.90,22.55,105.22,22.88,36.73,92.42,27.38,61.19,70.40,66.96,64.96,34.43,89.77,54.33,27.59,77.86,56.75,33.32,68.03,60.78,40.46,62.32,70.31,43.39
2,2.69,3233,21.15,72.80,80.71,25.94,57.27,94.28,32.36,36.95,104.49,30.02,31.04,85.26,31.98,29.14,85.81,27.51,35.19,86.57,38.17,47.53,71.68,67.56,61.95,37.86,69.27,59.81,34.65,64.86,55.63,39.98,51.20,65.60,51.11,46.78,67.87,52.75
2,2.57,3240,25.33,72.26,72.08,24.49,59.98,94.07,31.89,34.82,106.31,25.99,32.92,94.07,31.24,22.93,91.40,28.69,31.96,88.99,27.94,44.63,81.38,57.16,65.88,47.44,75.41,66.18,33.40,81.95,62.47,31.74,77.81,71.72,31.74,75.26,74.43,29.92
2,2.61,3248,21.70,67.19,81.48,26.54,48.05,101.73,23.79,43.80,95.73,25.40,37.74,82.00,36.65,41.42,66.74,28.71,57.72,62.66,37.21,67.66,52.81,88.90,49.70,26.50,88.51,59.64,23.82,87.90,64.44,23.65,78.36,66.46,29.74,72.47,69.44,32.46
1,2.24,3347,100.46,49.01,133.52,113.84,80.42,41.58,66.08,74.05,51.52,53.23,83.23,47.84,57.91,89.36,41.79,80.17,89.69,25.12,91.32,112.34,24.50,90.50,110.49,22.09,97.82,128.87,16.80,99.67,145.48,15.87,88.14,131.52,24.33,79.39,134.55,31.97
1,2.29,3353,94.61,57.67,109.58,95.13,75.53,46.10,64.39,74.12,52.56,55.84,81.54,47.24,54.47,85.13,38.24,86.71,89.98,17.85,96.38,103.69,18.20,91.88,102.26,19.53,93.55,113.19,16.03,89.37,112.49,16.69,69.45,102.37,31.13,66.43,120.32,40.70
1,2.29,3360,78.37,58.34,96.33,84.28,75.85,41.71,83.78,74.79,36.93,82.86,77.99,26.87,61.31,91.68,30.79,64.76,90.07,26.93,97.15,112.33,19.57,102.02,130.48,21.81,99.14,129.33,18.61,98.40,133.52,17.77,96.45,138.51,17.97,96.54,143.33,19.76
1,2.39,3367,98.19,72.21,57.27,33.32,69.97,61.33,90.03,76.19,31.98,101.62,86.84,17.21,72.35,93.64,24.61,67.62,85.40,23.66,92.43,99.52,19.57,97.49,128.03,23.86,99.81,130.44,20.86,99.19,132.64,19.69,87.91,127.46,24.78,82.16,126.54,30.17
1,2.54,3375,40.11,68.29,62.93,35.83,72.80,65.31,92.87,75.32,27.55,102.15,86.77,16.06,80.87,94.12,21.11,70.17,94.86,24.65,83.58,110.84,23.31,94.97,130.95,26.61,96.02,135.80,23.32,91.86,131.68,25.05,86.36,127.40,27.92,81.60,125.84,29.80
1,2.72,3382,23.24,73.28,71.95,50.29,71.06,57.56,99.46,78.44,21.70,102.26,89.31,15.32,78.12,89.89,23.17,70.83,95.48,25.24,85.88,111.20,24.48,96.16,133.84,25.43,96.21,132.83,21.13,89.74,126.15,23.81,85.78,125.87,26.39,79.05,116.27,28.46
1,2.85,3389,23.70,74.70,71.22,41.94,75.46,59.54,100.97,77.72,20.22,103.15,93.08,13.86,86.95,91.99,17.13,72.75,101.58,23.40,72.70,106.14,25.24,94.45,126.11,24.65,96.64,134.17,20.98,92.32,127.11,21.47,83.74,124.09,28.57,79.58,119.77,30.58
1,2.95,3397,22.40,78.67,69.83,51.44,75.31,53.62,102.57,80.30,17.57,103.60,92.44,13.23,87.64,97.07,17.38,72.45,103.52,22.41,76.61,105.64,22.92,96.60,125.85,22.43,98.30,127.89,19.48,88.49,119.91,25.38,77.22,122.69,33.90,72.64,113.24,36.41
1,3.00,3405,22.78,75.80,67.88,29.44,78.08,66.34,95.27,72.17,20.37,102.86,88.59,14.39,94.63,96.14,14.54,74.68,95.09,22.08,74.57,94.91,21.89,93.34,112.32,20.35,98.42,123.07,18.87,92.32,121.16,20.73,82.43,116.52,27.45,77.39,117.63,31.96
1,3.11,3411,22.16,78.78,68.24,35.12,74.35,57.45,93.43,68.84,19.16,99.01,84.05,14.35,90.51,88.62,15.52,73.44,91.79,21.67,74.96,90.72,20.43,90.02,112.18,20.69,97.14,124.74,20.76,89.66,118.31,22.65,78.03,119.30,32.31,72.04,116.20,36.09
1,3.26,3419,19.98,82.50,70.54,56.99,66.12,40.58,99.18,76.56,17.03,102.23,90.54,13.48,83.03,89.31,18.31,72.70,95.94,22.56,74.30,98.61,22.39,91.01,119.55,25.07,93.92,129.31,24.02,87.80,124.79,25.45,84.45,126.14,28.34,79.22,119.70,31.57
1,3.26,3427,23.09,77.70,67.72,32.03,68.16,51.72,94.07,65.64,21.32,101.81,83.39,15.18,95.30,96.84,15.02,73.88,93.87,22.29,63.83,100.87,26.19,90.55,112.69,23.85,95.41,130.37,23.21,92.04,126.79,22.53,86.10,129.18,25.69,81.31,129.98,28.91
1,3.35,3435,23.94,75.11,62.07,45.38,65.53,41.16,94.31,67.38,18.73,100.77,86.92,14.75,99.13,99.65,12.80,85.66,97.89,15.92,70.48,101.32,22.22,89.58,108.43,20.24,96.24,120.67,21.03,84.89,124.17,24.61,81.19,126.52,27.67,78.71,128.02,28.94
1,3.47,3442,26.34,72.02,52.46,62.45,60.57,32.86,98.36,75.26,17.61,99.64,89.27,13.80,100.31,99.67,12.45,80.03,92.79,18.32,74.01,95.57,22.31,92.49,113.21,19.62,95.51,121.32,20.65,81.25,128.99,27.08,77.60,120.13,30.20,74.32,116.27,32.40
1,3.42,3449,26.45,70.98,56.54,37.10,66.42,48.39,95.23,68.39,19.59,99.30,88.78,14.67,99.57,97.31,12.90,78.25,94.42,20.10,77.23,94.47,20.00,85.04,102.83,19.84,92.64,115.38,22.20,79.85,121.98,30.43,71.65,111.36,34.63,67.26,110.07,37.26
1,3.56,3455,19.84,80.97,63.75,46.38,75.91,51.80,93.15,78.84,21.08,99.61,91.49,13.82,84.37,94.63,19.05,70.37,97.85,26.79,68.51,96.96,28.12,84.93,116.70,29.05,91.68,134.74,27.65,92.17,132.71,23.18,87.77,124.27,24.78,85.79,125.97,25.98
1,3.58,3463,24.16,84.25,63.83,48.09,77.03,52.32,84.57,76.93,29.34,87.64,81.97,22.49,64.73,92.88,30.30,60.05,91.52,30.96,75.39,98.21,28.35,88.46,124.10,32.90,87.72,128.84,32.84,85.52,125.51,31.83,83.52,125.56,30.38,81.11,125.12,30.81
1,3.55,3471,33.26,83.41,53.73,46.48,76.23,53.91,73.61,70.27,37.47,73.62,72.35,29.12,55.47,89.81,33.54,60.10,91.09,29.02,77.86,100.07,25.68,92.65,127.06,29.89,88.81,128.60,33.11,80.99,126.27,36.70,81.16,125.33,34.07,83.13,134.79,32.17
1,3.43,3487,38.40,82.87,47.38,59.82,68.84,45.16,85.62,72.74,28.34,87.26,78.77,22.37,71.04,93.93,24.22,76.59,94.25,23.79,82.80,92.09,22.92,88.88,121.10,29.66,83.24,117.28,31.08,77.42,120.79,35.05,70.95,116.76,39.55,63.80,110.25,42.80
1,3.43,3495,41.14,82.51,49.16,61.32,69.96,46.30,88.62,77.17,27.54,90.33,79.95,22.07,77.79,89.77,23.95,78.37,89.79,24.05,82.53,95.06,23.55,87.52,121.25,30.20,81.83,115.32,31.60,75.92,118.50,37.21,72.50,115.97,39.28,69.10,118.59,39.83
1,3.55,3504,42.97,80.23,49.28,68.34,70.42,40.60,90.96,80.33,23.61,91.90,86.81,17.97,79.96,97.10,19.18,80.22,97.24,19.50,85.70,96.52,20.37,91.50,124.48,27.18,85.71,121.30,28.26,80.53,124.87,33.93,76.27,123.70,35.75,74.58,122.11,37.10
1,3.56,3511,44.90,71.33,46.74,63.04,67.02,40.56,82.47,77.53,27.40,81.32,85.21,23.61,72.27,92.77,24.10,74.15,95.40,23.29,78.53,97.51,24.75,86.93,121.69,28.68,87.78,123.24,26.52,84.57,129.17,28.24,80.07,125.86,29.09,75.16,122.24,36.07
1,3.56,3520,55.22,56.61,36.08,74.17,62.36,32.68,96.96,79.88,16.96,98.27,91.55,13.72,81.44,87.84,16.20,77.16,95.38,17.01,82.84,99.18,18.44,86.09,114.37,25.94,85.38,115.71,26.68,82.21,123.64,29.97,75.37,119.01,32.91,68.42,114.64,38.70
1,3.64,3527,62.75,53.84,38.37,96.19,74.06,21.46,100.81,92.78,13.83,98.26,97.78,12.20,76.39,96.41,16.63,75.13,100.83,17.55,86.30,107.00,21.30,88.23,115.72,24.85,88.35,125.13,24.85,83.55,120.16,29.42,76.12,117.98,32.63,72.05,115.00,36.44
1,3.51,3534,56.47,58.40,38.17,90.36,65.68,25.76,101.31,87.09,14.88,94.06,97.07,13.68,79.83,101.73,17.50,80.19,105.11,16.77,89.43,113.10,21.53,91.75,115.71,22.83,93.51,127.81,21.87,94.45,133.51,22.25,85.35,127.47,28.09,79.83,128.64,32.14
1,3.33,3542,44.49,70.10,46.53,81.56,56.93,26.88,98.25,77.93,16.60,88.24,89.25,15.09,78.15,100.52,18.24,81.32,103.62,17.42,87.07,115.08,21.41,96.23,124.18,23.53,94.20,125.15,23.15,89.17,127.57,25.28,88.86,136.00,26.62,86.76,134.83,29.75
1,2.92,3567,30.09,68.63,57.03,37.48,72.43,55.43,81.78,77.16,31.52,93.53,86.00,21.09,72.22,90.46,22.79,62.47,99.86,26.67,64.75,98.39,26.08,91.04,124.57,23.35,97.86,141.54,20.69,100.12,146.29,17.90,94.20,140.34,20.18,82.20,119.25,28.09
1,2.98,3575,24.86,70.73,62.55,43.29,70.42,53.84,84.95,67.20,25.01,92.71,79.83,18.17,78.05,90.76,20.06,69.49,87.78,21.17,76.70,93.52,19.14,99.37,122.80,16.44,99.02,131.48,15.40,92.44,129.60,19.62,81.90,118.18,27.89,77.66,114.03,31.40
1,2.98,3583,23.51,70.95,67.53,54.52,71.50,49.67,75.39,66.10,31.87,64.15,75.41,31.65,60.94,83.98,32.77,58.73,81.92,33.69,74.02,96.67,33.12,77.93,111.75,34.84,75.63,111.39,33.00,74.03,112.51,33.31,75.02,118.68,33.70,82.60,123.50,27.21
1,2.95,3590,22.85,78.83,62.32,71.65,71.93,39.41,97.90,72.88,21.61,77.12,88.06,23.46,70.98,90.54,25.78,69.12,92.26,25.10,99.16,120.59,22.48,100.17,133.15,25.27,93.65,130.18,26.49,86.85,125.63,29.80,80.09,116.58,33.05,74.80,113.20,34.28
1,2.82,3598,24.00,75.71,66.65,51.46,70.14,53.69,85.52,72.27,32.61,81.87,77.64,25.08,66.80,86.27,30.04,60.62,89.61,32.03,78.43,101.31,29.27,90.11,122.96,29.91,82.23,115.91,33.43,72.12,113.16,39.08,73.27,113.97,37.89,79.21,122.14,31.75
1,2.76,3605,27.00,73.80,65.45,65.72,68.66,49.52,84.63,71.82,34.67,65.83,81.81,31.37,64.89,86.21,30.14,70.13,90.30,26.99,87.89,109.64,24.91,91.82,126.62,28.50,84.18,121.03,31.43,78.56,122.82,33.24,75.72,120.86,33.95,78.14,127.45,30.48
1,2.57,3612,29.03,67.94,64.76,39.04,69.22,66.55,68.18,71.10,47.94,69.63,74.10,33.44,67.92,73.91,26.45,69.39,76.22,24.79,77.11,89.93,24.69,96.38,124.84,23.95,94.12,131.14,22.98,92.76,135.52,23.56,85.16,128.76,26.21,77.91,120.00,32.19
1,2.61,3618,22.73,68.66,73.38,41.78,69.70,68.46,60.33,74.44,52.00,65.86,71.60,35.27,75.42,77.16,23.73,66.07,79.10,25.77,75.82,84.64,23.79,92.67,111.12,19.49,95.09,121.22,16.83,93.13,124.42,18.05,77.69,116.15,31.68,66.97,113.04,40.38
1,2.54,3623,48.39,67.67,62.86,36.36,68.66,68.95,67.03,72.95,49.21,69.84,80.25,36.78,72.65,87.61,31.22,63.88,87.66,34.41,75.34,96.18,33.23,88.06,126.75,30.60,87.77,127.81,27.14,88.48,130.02,25.63,78.59,120.47,32.37,68.80,113.51,38.78
1,2.49,3630,52.88,69.60,58.19,51.68,68.21,59.90,79.85,76.42,40.73,71.66,87.59,34.76,75.75,89.51,24.71,75.45,92.38,24.99,96.42,114.93,25.35,99.60,128.08,24.21,98.09,128.81,20.55,95.54,127.75,21.09,85.67,130.75,26.82,87.59,140.00,25.04
1,2.59,3637,82.61,72.58,47.70,49.65,69.06,59.58,81.85,78.91,39.80,82.49,86.82,29.28,73.28,95.09,29.43,67.97,96.95,28.32,83.87,103.58,23.79,98.69,127.20,23.01,97.55,123.82,20.98,95.17,123.67,18.55,92.02,122.17,20.69,73.39,118.59,36.65
0,2.21,3826,70.90,41.63,143.15,99.52,85.00,81.60,97.49,96.46,98.29,103.87,100.10,83.44,108.24,105.48,82.85,108.29,105.45,84.32,105.00,101.71,59.84,91.85,101.96,21.83,83.49,90.44,23.97,75.28,82.12,30.74,67.87,82.96,34.23,62.30,86.47,36.84
0,2.35,3845,84.06,69.49,74.50,68.34,77.81,76.40,95.61,95.38,99.74,108.22,104.38,92.18,109.53,110.53,90.35,109.39,111.16,87.86,94.91,104.50,65.39,86.12,95.88,31.83,79.70,83.29,27.67,68.63,83.37,36.05,65.48,82.19,36.83,63.73,92.97,36.21
0,2.38,3859,99.71,78.91,61.51,76.83,85.20,90.34,96.41,96.82,93.71,101.45,102.57,82.28,104.44,106.69,87.59,107.27,108.80,83.46,102.63,101.07,50.49,83.96,87.81,30.89,66.62,79.80,37.19,55.54,80.22,45.22,53.64,81.27,46.56,57.63,88.82,42.70
0,2.13,3877,86.13,32.62,169.68,116.52,77.00,126.24,99.56,95.28,82.86,94.12,99.68,82.36,98.42,103.34,79.38,106.23,106.88,80.92,102.71,100.88,54.28,75.31,102.42,25.37,83.65,94.35,23.80,80.06,84.48,26.15,68.82,86.78,30.90,54.31,94.23,43.40
0,1.90,3899,87.68,35.05,165.51,104.26,67.70,143.12,108.32,83.32,110.04,109.95,95.18,74.85,97.04,92.37,84.11,94.80,86.47,77.11,83.54,91.21,37.09,93.93,98.20,17.76,90.26,88.23,16.40,90.44,90.41,13.43,85.60,97.23,15.60,63.29,99.09,35.66
0,1.80,3915,93.84,52.65,137.74,97.81,65.12,143.52,105.61,69.89,144.61,111.77,86.13,103.12,93.10,86.35,89.83,73.08,88.88,55.22,88.63,77.44,30.30,79.27,79.18,33.90,76.67,85.24,34.02,75.77,92.34,30.78,78.13,98.58,28.13,82.47,103.82,24.24
0,1.85,3929,103.28,40.35,176.42,104.90,65.50,171.79,106.69,92.50,128.21,113.07,98.90,92.81,88.12,87.85,76.67,81.13,84.40,77.28,77.95,82.19,39.11,82.51,81.04,23.87,76.57,84.93,25.59,73.25,86.53,28.49,69.69,90.02,30.88,59.78,88.34,40.46
0,2.15,3945,99.86,34.38,181.27,106.80,65.34,153.75,107.55,93.03,73.38,90.73,85.85,74.66,72.55,82.01,73.58,65.17,83.86,73.82,66.74,79.40,51.12,65.15,84.69,38.17,61.72,85.36,40.08,59.96,88.73,41.91,54.83,93.56,45.25,46.21,90.94,52.41
0,2.48,3963,113.28,73.97,56.87,59.14,71.73,80.52,57.53,81.51,82.47,67.61,86.63,75.26,60.82,74.94,64.65,62.64,76.89,60.80,58.87,76.51,44.82,59.86,79.18,41.08,57.95,78.52,42.75,53.97,81.22,45.08,40.60,84.01,55.08,37.71,85.79,58.37
0,2.73,3981,29.79,69.00,74.52,51.49,74.33,80.10,67.39,81.20,74.59,84.83,86.31,63.00,88.58,86.12,66.07,76.99,86.43,71.93,71.21,82.18,40.14,65.86,83.13,37.27,61.26,80.69,39.15,58.53,83.83,40.21,58.98,88.75,39.99,61.41,95.90,37.30
0,2.79,3999,25.86,71.64,69.14,56.78,79.70,83.66,85.69,98.20,102.12,95.80,104.74,92.39,97.45,107.05,95.39,97.71,100.05,92.18,91.81,96.70,66.75,91.24,95.93,30.53,83.16,89.65,24.11,81.62,88.75,23.85,73.66,83.98,28.72,66.99,90.55,33.35
0,2.74,4018,27.52,68.93,78.97,84.89,86.51,85.50,70.77,84.17,84.31,69.16,86.69,82.17,66.77,80.03,75.97,65.75,78.97,69.92,62.76,77.75,46.26,63.32,78.47,41.90,59.33,77.98,43.35,54.02,74.87,45.66,44.75,77.76,54.39,40.04,79.71,57.48
0,2.52,4039,70.61,72.06,63.95,74.55,85.05,96.27,81.23,92.48,80.72,84.49,74.21,58.85,85.62,71.46,51.20,90.46,71.23,50.57,86.06,90.64,22.37,87.54,91.28,20.01,80.72,87.12,24.54,73.70,81.93,28.96,64.96,84.26,36.02,57.94,93.80,40.40
0,2.15,4059,93.39,27.91,189.80,109.41,65.82,142.38,102.59,88.04,76.26,85.61,85.52,77.60,85.60,87.52,79.00,78.96,79.29,75.39,75.08,75.90,33.90,75.38,75.74,29.21,68.96,72.61,31.23,65.97,70.86,34.33,58.63,72.94,38.06,45.56,84.94,51.39
0,1.83,4079,96.59,32.31,147.77,96.59,47.05,154.44,106.74,95.24,113.40,109.19,106.42,81.47,105.95,108.08,79.55,109.09,114.26,82.69,101.21,105.48,57.18,84.87,99.97,22.48,82.61,88.46,26.93,72.69,82.57,33.89,66.43,83.16,35.83,60.86,90.30,38.50
0,2.03,4099,87.95,30.54,172.02,97.30,42.94,171.74,109.77,99.58,86.47,96.21,102.04,77.54,95.50,100.80,78.73,95.33,102.70,77.88,84.90,97.89,60.95,71.05,98.95,35.18,67.69,90.82,38.33,62.60,87.98,41.74,56.17,92.12,44.98,48.71,93.90,49.37
0,2.15,4119,90.14,32.13,153.61,104.02,61.96,107.33,104.26,98.19,96.55,106.22,106.81,81.68,107.03,109.79,79.20,101.36,107.44,82.33,94.16,103.21,74.35,72.38,99.62,33.61,72.42,91.49,32.29,67.05,89.42,37.61,57.77,85.89,43.49,50.03,88.59,48.85
0,2.45,4139,82.33,75.54,48.51,46.96,72.09,81.21,95.61,96.40,100.31,104.44,105.02,81.47,107.02,107.78,78.42,101.02,104.20,81.85,98.60,99.72,72.03,88.36,99.16,24.44,81.04,92.50,25.28,71.41,84.92,33.88,64.20,80.86,38.17,57.36,83.02,39.43
0,2.67,4160,25.91,71.41,69.98,48.07,76.02,83.04,103.50,99.68,101.17,109.83,106.98,79.22,109.70,109.67,77.99,105.23,106.22,79.25,102.15,100.70,80.72,94.58,102.02,26.78,82.78,95.58,23.61,74.54,87.70,29.66,67.47,83.32,34.26,60.24,82.91,38.04
0,2.88,4180,24.32,79.03,71.90,53.53,80.62,82.58,98.90,102.40,97.10,104.69,100.89,76.15,108.63,105.55,75.03,105.29,102.81,74.77,106.43,105.25,81.29,99.10,99.66,37.03,83.10,98.02,21.88,76.13,84.67,28.39,70.14,80.89,32.28,63.04,79.43,35.69
0,2.82,4200,25.09,76.66,70.45,58.45,82.80,84.79,107.35,103.57,97.28,109.81,105.08,77.16,109.81,111.57,76.06,109.04,114.83,80.11,107.02,108.92,82.34,94.01,100.46,35.43,74.50,91.54,28.42,64.85,81.28,39.19,54.80,81.04,46.77,49.11,80.98,49.41
0,2.52,4216,52.44,71.26,57.95,60.33,77.63,87.57,95.89,97.49,90.16,102.93,101.78,74.60,107.18,106.72,74.42,104.60,105.33,77.44,105.57,104.85,74.27,89.85,107.01,21.90,80.58,94.30,26.65,71.39,84.00,33.01,66.71,84.10,34.64,60.10,90.97,38.53
0,2.16,4247,85.45,32.58,169.45,112.72,80.36,126.87,102.88,99.90,80.42,101.79,105.32,79.65,103.23,106.29,83.34,103.62,104.74,88.17,99.06,102.09,43.23,85.93,103.38,18.91,79.00,89.41,28.49,64.89,86.00,36.30,56.74,85.35,38.80,52.23,85.42,39.69
0,1.91,4263,85.12,44.39,121.37,94.72,59.49,140.88,103.14,72.76,123.17,102.33,86.88,77.57,90.24,85.47,83.98,92.26,86.75,81.05,97.73,82.77,66.51,68.46,86.76,35.78,73.38,83.82,30.53,71.02,77.16,37.09,67.96,87.66,31.20,62.77,88.45,27.81
0,2.19,4280,97.68,56.72,160.04,108.13,92.47,121.83,108.54,101.51,99.33,108.70,97.84,95.24,109.35,98.41,86.85,109.68,96.90,75.03,105.03,96.33,33.87,96.28,98.78,15.40,87.81,89.81,21.81,93.07,92.90,15.84,95.37,97.46,12.77,84.54,100.68,15.97
0,2.24,4289,101.33,57.31,156.82,110.23,98.76,98.92,102.26,98.05,100.31,103.96,95.44,91.80,103.43,95.76,83.68,103.09,86.56,68.46,96.32,89.67,23.90,87.99,85.47,21.11,76.53,82.52,28.10,78.00,87.42,28.28,72.49,88.99,32.01,65.82,92.45,35.77
0,2.21,4297,100.00,40.58,151.99,112.32,86.71,99.89,92.03,94.91,98.62,95.99,96.18,90.93,97.13,95.61,84.24,98.20,94.93,79.76,96.71,90.38,57.75,87.12,93.05,28.11,72.32,86.27,33.67,65.07,84.15,38.74,61.75,87.17,40.24,59.55,85.38,41.66
0,2.27,4307,101.39,57.61,115.70,117.89,88.39,80.98,100.50,99.70,103.16,106.87,97.62,87.96,108.96,98.85,79.18,104.32,98.28,86.51,100.59,88.73,51.51,93.85,92.99,18.81,81.67,89.48,23.59,75.93,88.46,29.86,69.48,86.08,33.38,65.66,91.33,36.62
0,2.48,4316,92.52,75.35,50.43,87.79,92.17,113.10,105.07,101.27,97.15,109.49,99.22,83.10,107.80,98.36,78.32,107.77,98.96,84.33,105.44,91.97,49.31,100.05,95.72,16.35,82.27,93.58,23.60,74.52,87.44,31.45,69.30,92.01,35.08,63.44,89.98,37.57
0,2.58,4325,55.69,70.55,57.53,77.50,85.84,105.04,105.31,103.14,96.63,109.60,103.66,84.50,106.41,98.16,74.12,98.52,95.92,76.41,96.13,89.74,72.37,89.80,91.79,24.55,82.85,93.84,22.84,75.02,88.47,28.08,70.80,85.21,31.89,65.46,86.67,37.34
0,2.63,4332,55.38,70.07,59.15,73.57,83.69,100.35,99.72,102.81,98.55,105.00,103.74,90.88,106.60,99.06,84.32,103.81,98.23,77.10,104.60,91.91,69.77,97.67,90.00,21.70,84.35,93.57,19.41,75.25,85.59,28.74,69.09,86.05,33.43,63.03,87.59,38.07
0,3.26,4367,53.88,75.04,57.58,69.74,86.64,99.18,102.28,105.57,104.31,107.49,109.36,94.37,108.91,105.97,83.29,109.52,104.68,80.57,108.68,101.22,78.32,105.12,93.99,38.11,96.09,99.43,15.74,78.47,85.24,24.64,69.79,80.92,33.09,63.17,81.37,37.88
0,1.77,4514,103.22,45.16,159.55,105.55,82.40,147.18,107.29,98.00,104.11,109.68,94.92,85.15,96.74,92.42,90.57,90.46,79.37,35.39,90.59,82.88,22.87,84.62,80.08,26.66,73.70,80.79,34.45,64.47,83.73,40.09,62.65,83.82,43.17,58.43,86.18,45.01
0,1.88,4519,105.13,68.85,161.10,107.03,93.47,115.85,107.30,91.88,103.93,109.86,101.39,79.69,97.87,90.64,69.41,96.85,87.83,27.32,92.68,82.65,21.29,76.10,82.03,26.75,61.32,79.92,42.09,57.07,82.43,44.85,62.86,87.60,40.37,65.67,94.56,38.00
0,1.80,4523,104.55,58.63,167.98,106.66,91.07,125.71,107.56,97.94,97.30,110.30,99.42,86.23,89.68,90.81,85.84,83.61,87.71,40.14,77.75,87.43,34.47,73.28,85.05,35.14,64.06,79.40,39.03,61.89,82.26,40.57,64.30,87.81,38.05,62.78,95.21,39.45
0,2.67,289,77.13,33.35,149.07,94.71,35.62,149.67,108.75,79.61,95.33,110.05,87.42,72.51,107.05,91.84,74.20,109.52,92.59,74.19,109.64,85.54,65.01,96.40,84.43,19.61,87.94,80.21,17.76,79.83,76.79,21.20,66.25,78.35,32.33,57.01,86.51,40.39
0,2.29,352,80.29,28.14,157.57,101.14,38.47,147.31,109.39,73.22,92.53,108.78,83.65,70.69,103.92,86.47,72.40,98.02,85.92,71.71,95.82,78.71,46.01,82.82,92.14,21.39,78.02,87.93,29.06,71.52,78.10,26.36,62.61,88.06,32.73,51.40,94.16,45.90
0,2.32,375,85.71,26.97,157.51,108.88,54.40,133.13,105.62,71.64,85.47,106.55,81.57,68.60,102.78,82.21,67.96,99.67,82.03,62.87,94.84,78.07,30.58,89.24,88.22,14.48,85.58,84.65,13.49,78.16,76.26,15.04,68.66,82.76,22.92,57.05,92.46,37.20
0,2.25,391,80.19,34.81,141.30,96.59,32.25,155.18,109.42,73.83,100.10,109.88,83.64,72.61,108.22,87.72,72.47,103.89,88.34,68.34,103.47,81.35,50.00,83.34,93.74,20.60,84.22,88.25,15.75,81.12,81.03,18.66,69.88,81.52,23.89,58.00,94.94,37.79
0,2.19,437,82.76,27.31,152.33,87.70,26.33,159.76,109.57,64.83,119.59,108.22,80.40,75.78,110.13,88.05,75.05,106.46,87.44,71.53,106.55,82.63,56.64,88.84,89.00,21.11,81.18,87.66,17.96,78.25,81.59,21.00,69.54,78.43,24.60,57.95,92.22,38.44
0,2.27,445,78.34,31.85,148.60,97.16,35.11,152.33,109.22,74.93,98.64,110.20,83.83,74.03,109.17,88.43,74.94,106.41,88.83,70.83,106.10,81.69,47.56,86.12,91.92,19.79,82.48,87.84,17.85,79.40,85.97,20.98,70.98,82.24,23.90,58.33,92.06,37.76
0,2.29,454,80.59,30.69,151.24,98.74,37.31,151.22,108.69,74.95,96.95,109.81,84.85,75.43,108.68,88.42,74.14,106.50,89.65,70.68,105.51,79.85,45.15,81.69,91.46,20.12,81.50,86.08,18.66,77.54,80.19,21.46,68.18,80.05,25.99,57.29,97.64,38.64
0,2.22,520,80.85,27.58,149.33,85.63,27.09,157.49,109.52,65.99,116.27,109.58,80.02,77.86,110.23,89.07,76.03,107.42,90.79,76.12,109.30,86.71,65.08,91.89,92.23,24.00,80.98,90.15,20.25,85.41,75.74,18.44,71.26,77.83,25.96,56.03,92.44,42.62
0,2.24,528,79.51,30.51,149.93,88.23,27.37,156.46,109.50,68.49,112.72,109.17,81.55,77.66,110.22,89.75,76.69,107.73,91.38,75.49,109.14,84.92,61.63,89.55,92.94,23.68,81.12,87.85,20.28,82.13,73.10,18.49,71.06,78.26,25.93,56.27,96.02,42.41
0,2.24,540,79.11,29.88,151.64,88.63,26.97,156.58,109.55,66.42,117.20,107.27,80.22,79.41,109.01,88.76,76.16,108.17,90.78,75.80,109.22,85.23,62.03,89.03,93.93,23.94,80.91,89.20,19.48,84.15,76.93,17.94,73.13,74.78,24.92,58.19,92.38,40.37
0,2.33,550,80.35,31.37,149.96,101.86,43.56,144.77,109.20,76.15,94.84,109.12,85.01,76.76,110.32,90.23,75.62,108.27,91.84,75.82,107.55,84.83,49.37,83.67,92.73,21.96,80.48,88.38,21.16,81.32,71.79,17.14,70.39,82.18,28.09,55.23,95.82,42.60
0,2.19,561,86.56,24.13,156.59,81.33,29.32,154.05,108.01,57.19,130.05,108.62,79.54,82.70,109.91,88.27,77.31,108.27,91.10,76.83,109.65,87.20,68.49,94.54,88.68,25.23,79.75,91.47,20.50,84.14,74.45,19.18,73.27,78.46,24.68,56.58,94.72,42.01
0,2.24,572,80.77,30.32,150.71,88.65,27.33,156.52,109.70,67.48,115.70,108.15,80.50,79.18,109.68,88.51,76.88,107.94,90.64,75.90,109.25,84.68,62.05,89.95,90.94,23.86,79.73,86.61,20.00,83.89,74.96,18.65,70.06,75.94,25.46,57.68,94.45,40.91
0,2.19,580,87.67,24.43,156.81,81.26,29.33,154.03,107.98,56.44,130.31,108.28,78.21,83.60,109.39,87.15,76.71,108.19,90.68,76.79,109.74,86.19,67.12,91.91,92.07,24.66,79.41,90.61,20.03,84.22,74.28,18.93,72.14,77.36,25.27,57.65,92.00,40.97
0,2.22,590,82.16,28.23,152.31,85.87,27.36,156.42,109.59,65.78,118.61,109.00,80.65,79.79,110.32,89.01,77.49,107.88,90.37,76.51,109.59,85.89,65.06,92.52,91.73,24.16,79.69,91.67,20.85,81.50,72.98,19.20,69.77,74.72,26.34,56.11,94.51,42.62
0,2.21,600,82.78,27.03,152.19,82.21,29.11,153.56,108.66,62.49,122.04,109.34,80.83,80.17,110.20,88.93,77.39,108.09,90.48,76.61,109.74,85.92,66.10,94.07,88.58,23.26,80.45,94.44,19.53,83.54,75.78,19.10,69.48,79.32,25.69,56.04,96.66,42.00
0,2.24,610,77.47,30.71,148.84,85.92,27.97,154.74,109.49,68.87,113.63,109.52,82.05,78.77,110.29,89.22,77.60,107.73,91.04,75.95,109.50,84.41,61.82,92.06,91.45,22.60,81.31,88.75,19.66,84.18,73.91,18.90,70.13,79.18,26.02,56.94,96.29,42.04
0,2.24,622,79.57,30.61,149.07,86.36,27.62,154.98,109.72,67.39,116.65,108.46,81.23,79.93,110.06,89.05,77.99,107.92,90.37,76.51,109.33,84.78,62.06,90.60,92.87,22.54,81.60,91.07,19.04,83.99,77.16,18.43,72.68,76.58,25.21,58.37,96.38,40.31
0,2.23,632,83.26,27.75,153.50,84.33,27.50,156.58,109.21,61.80,125.22,107.83,80.26,83.05,109.17,88.61,78.23,108.19,90.00,77.86,109.45,85.66,64.72,91.77,91.23,24.42,79.30,90.51,19.75,84.84,73.18,18.66,73.38,76.14,24.52,58.46,92.67,40.51
0,2.31,641,79.55,32.31,149.03,96.85,36.44,151.02,109.55,73.70,103.91,108.13,84.45,77.74,110.15,89.12,77.48,108.00,91.59,77.14,108.09,85.09,51.91,83.82,92.14,23.00,80.65,89.23,21.26,82.10,72.30,17.68,69.89,77.83,27.69,55.59,99.70,42.58
0,2.24,652,80.69,29.54,151.77,86.46,26.97,157.01,109.63,65.48,120.43,106.80,79.99,81.04,108.58,88.45,77.42,108.10,90.55,76.94,109.64,84.37,62.61,89.72,91.89,24.26,80.01,90.41,19.74,85.49,74.52,18.23,71.52,78.05,25.09,57.99,94.09,40.47
0,2.27,665,79.59,31.75,150.38,90.84,29.26,156.02,109.64,69.43,113.62,106.88,82.56,78.29,109.49,88.92,77.82,107.98,91.42,76.89,108.86,84.28,57.88,87.93,91.74,24.02,79.70,91.21,20.19,85.84,75.92,18.49,71.53,76.25,26.05,57.59,93.61,40.92
0,2.21,673,86.46,25.43,154.09,81.02,29.64,153.27,108.24,58.97,128.10,108.15,79.40,82.91,109.68,88.88,78.29,107.99,90.74,77.78,109.66,86.67,67.10,93.55,89.82,23.63,82.63,90.69,19.06,84.41,74.40,18.56,72.37,80.15,24.91,58.29,95.45,40.16
0,2.35,680,79.75,31.83,148.87,102.75,44.48,143.58,109.34,77.40,93.62,109.86,86.06,78.68,110.14,91.04,77.20,107.89,92.32,76.08,107.79,84.11,46.60,84.66,91.64,21.35,82.32,89.18,20.78,83.52,75.62,18.08,69.38,80.34,28.22,55.97,97.10,42.37
0,2.18,802,74.90,37.04,134.95,102.40,50.69,133.87,109.91,71.32,111.23,110.62,85.98,89.17,110.00,87.70,87.41,100.69,73.18,68.87,83.72,82.75,27.66,96.91,82.13,14.11,92.47,86.83,13.13,88.49,80.16,14.53,78.76,91.92,18.86,72.75,108.20,26.56
0,2.17,809,76.13,37.29,134.91,99.87,47.40,136.51,109.84,67.49,118.40,110.57,82.45,94.77,110.58,87.15,89.47,102.26,72.61,69.57,85.55,79.66,28.26,97.34,82.05,14.63,91.65,85.86,13.55,88.70,82.35,14.69,78.20,88.80,18.79,72.81,105.13,26.93
0,2.17,815,72.16,39.47,128.69,100.23,50.47,131.77,109.85,69.40,114.42,110.65,84.98,90.92,110.36,86.50,88.51,101.00,71.97,66.25,87.97,80.41,26.11,98.67,81.66,13.96,94.57,88.27,12.63,89.77,82.39,13.75,81.38,88.81,17.24,76.26,109.85,24.18
0,2.15,821,72.83,39.55,128.62,97.48,48.56,132.21,109.88,68.43,114.97,110.57,83.02,91.43,110.16,85.25,87.78,103.19,70.87,67.84,89.29,81.70,26.91,98.61,82.36,14.00,94.21,85.69,12.61,89.83,84.62,13.75,80.56,89.41,17.59,75.70,106.15,24.45
0,2.18,827,73.90,38.13,131.45,103.67,52.65,132.70,109.81,68.46,114.44,110.48,82.44,93.47,110.42,84.36,87.08,102.44,70.82,66.70,85.72,81.28,25.63,98.09,82.02,14.05,91.23,85.36,13.26,89.31,81.73,14.36,80.03,94.64,18.31,74.24,109.09,26.02
0,2.17,832,71.56,39.86,127.35,100.33,51.72,129.84,109.50,70.93,111.20,110.45,84.95,89.00,110.24,84.58,86.38,104.27,70.88,67.37,81.43,84.39,27.39,99.20,82.50,13.81,94.87,85.48,12.26,90.17,82.57,13.28,82.01,91.97,16.91,76.75,108.03,23.40
0,2.17,836,71.66,39.91,127.52,99.93,51.55,130.03,109.62,71.40,111.09,110.48,85.52,88.83,110.08,85.07,86.64,103.16,71.29,67.34,82.27,85.18,27.27,98.92,84.66,13.80,94.58,90.26,12.34,91.19,81.61,13.28,81.03,90.39,16.85,77.02,108.26,23.31
0,2.14,840,71.85,38.44,128.63,93.68,45.80,133.43,109.46,67.59,118.51,110.38,82.88,93.60,110.32,87.68,88.42,105.49,73.28,71.68,83.66,82.12,30.43,99.50,83.15,14.11,95.35,85.77,12.57,90.77,82.55,13.56,82.46,88.03,16.44,76.40,108.51,23.91
0,2.17,844,71.17,40.19,127.63,99.10,49.99,131.87,109.75,69.06,115.41,110.51,84.18,91.69,110.43,86.21,88.22,103.41,72.58,68.48,85.76,80.59,27.34,99.79,81.55,13.97,95.00,85.21,12.64,91.37,82.13,13.72,82.03,91.04,16.92,76.13,106.80,24.22
0,2.16,848,72.09,40.15,126.62,97.11,48.66,132.72,109.77,68.13,116.48,110.31,82.93,93.04,110.39,86.24,88.11,103.99,71.69,67.87,86.41,82.48,27.14,99.35,82.90,14.04,94.65,84.49,12.91,89.67,81.42,13.88,82.30,87.87,17.42,74.42,110.31,24.73
0,2.17,852,72.61,43.64,115.29,98.99,49.01,135.00,109.76,65.76,119.12,110.38,80.09,96.77,110.36,85.44,88.64,103.50,71.98,68.75,87.46,80.42,27.34,98.57,79.22,14.45,92.98,82.59,13.35,89.42,81.55,14.51,79.73,88.25,17.59,73.18,108.37,26.16
0,2.15,856,86.28,44.82,105.84,93.21,52.60,123.69,109.56,64.93,116.93,110.26,77.69,96.09,110.38,82.60,86.43,107.28,71.30,70.45,87.20,78.27,29.01,97.37,80.02,14.48,91.87,84.03,13.34,88.28,82.76,14.64,79.43,85.65,18.21,73.89,109.69,25.69
0,2.17,858,89.69,43.55,108.90,95.81,55.97,121.16,109.23,63.03,117.93,110.35,74.89,99.34,109.88,79.48,87.34,108.98,72.03,70.78,84.36,79.75,29.54,97.31,79.01,14.67,91.03,84.20,13.74,87.84,79.17,15.09,79.24,89.42,17.85,73.82,107.36,26.24
0,2.15,863,100.33,43.28,103.68,97.10,55.76,119.40,109.50,54.96,126.26,110.08,61.94,113.06,104.83,65.01,89.39,106.69,71.02,70.05,91.48,78.18,33.85,88.81,79.37,16.53,88.33,80.77,15.50,85.51,77.61,17.08,78.49,83.66,19.25,69.43,104.37,32.05
0,2.22,870,99.36,41.62,122.83,106.02,49.23,134.49,109.02,53.01,123.49,109.32,53.72,116.03,97.48,60.56,76.15,99.47,68.97,56.33,99.44,72.99,32.56,74.11,89.43,20.62,77.47,76.49,20.21,79.22,72.08,19.28,72.31,80.54,23.09,61.82,100.58,38.21
0,2.18,873,103.01,40.25,118.54,102.93,47.05,137.39,109.10,51.91,124.74,109.35,55.73,115.68,99.61,60.29,83.64,98.30,70.84,59.74,98.99,70.78,36.58,72.17,89.04,23.57,73.60,82.12,20.75,77.58,73.15,20.14,71.40,79.49,22.72,62.23,94.14,38.51
0,2.16,890,96.53,23.40,140.80,83.58,36.75,138.37,107.45,62.84,117.40,110.57,79.62,87.54,111.00,86.13,77.23,110.95,88.20,79.91,110.03,87.03,72.51,87.12,85.43,30.94,91.84,86.43,13.83,92.00,83.72,12.85,85.77,86.30,14.04,74.34,96.32,24.54
0,2.31,898,95.75,23.16,147.51,86.83,28.21,158.30,107.10,54.65,125.16,101.96,78.34,73.15,107.33,84.70,69.12,106.95,87.07,71.74,105.99,86.71,69.51,96.77,83.79,32.57,83.58,88.66,17.28,83.95,75.16,16.10,72.45,75.27,23.20,62.52,89.76,35.27
0,2.46,906,84.95,29.02,147.08,91.27,29.19,157.62,106.73,69.44,104.63,105.99,80.51,68.29,109.43,86.93,69.25,109.96,92.55,69.64,109.93,90.10,67.40,102.93,87.18,28.33,81.76,94.65,16.99,79.92,77.21,16.01,70.06,78.25,25.99,60.74,94.66,36.54
0,2.48,908,80.84,30.50,140.67,91.49,32.32,153.59,106.18,65.49,108.06,103.18,79.76,66.62,106.92,85.96,68.48,109.37,92.30,68.79,109.41,89.31,64.24,103.42,85.57,29.96,80.32,90.78,18.08,81.51,82.22,15.30,69.50,78.25,27.08,60.06,97.75,38.70
0,2.72,918,96.95,33.71,112.46,93.35,41.98,140.52,100.47,52.67,122.85,88.66,77.69,70.60,90.44,79.29,64.72,93.81,75.79,62.92,93.82,75.60,52.24,80.73,72.77,35.15,60.19,78.49,26.52,83.81,58.72,17.09,72.19,79.80,29.22,72.09,95.71,28.47
0,2.83,924,103.54,34.24,120.07,106.90,50.70,148.98,108.74,78.46,99.87,109.34,86.56,86.48,110.17,81.96,80.22,110.39,81.23,74.62,110.09,76.86,64.98,93.45,79.80,29.11,78.47,89.05,21.46,81.23,76.80,25.57,66.90,77.63,33.01,64.31,91.85,35.37
0,2.92,930,107.07,28.15,150.67,105.35,53.66,149.35,107.98,83.35,92.65,109.12,87.21,79.39,98.60,80.38,71.96,86.95,79.45,72.91,85.05,76.44,69.57,79.54,84.48,34.38,79.62,83.69,29.69,68.15,76.65,34.91,58.72,80.99,42.66,55.36,92.41,43.91
0,2.92,934,106.69,19.83,168.95,94.23,38.45,148.59,91.77,73.40,93.34,93.72,82.45,77.52,96.12,76.91,71.64,83.37,70.78,64.66,67.96,75.44,70.36,64.65,76.32,55.14,70.74,75.99,31.77,64.38,75.62,36.75,48.24,85.54,52.76,45.79,90.62,54.71
0,3.20,938,89.49,35.21,136.11,85.49,61.47,105.48,86.76,81.18,73.51,100.74,74.86,66.70,86.22,66.14,59.07,69.47,68.43,60.23,63.75,72.66,65.66,60.42,75.43,49.56,68.33,74.98,31.11,58.45,75.82,36.22,46.73,83.48,52.15,43.52,88.09,55.55
0,3.60,945,86.49,54.75,113.06,101.52,73.36,73.59,78.72,67.99,68.76,73.25,67.25,56.69,79.71,61.95,51.58,64.38,75.64,65.04,59.12,75.29,67.76,53.86,78.64,44.86,68.62,74.68,30.01,64.76,72.23,30.90,45.71,81.50,48.47,41.91,85.19,57.59
0,3.43,950,81.66,39.09,122.24,96.12,64.77,93.89,82.48,74.13,66.21,66.95,68.19,55.78,73.24,64.00,49.09,71.35,69.55,52.37,61.76,74.63,60.94,55.20,75.22,44.32,64.51,74.45,30.07,66.00,73.49,26.37,50.74,78.95,39.92,40.26,83.71,56.63
0,3.53,953,80.94,43.26,114.04,99.64,62.78,100.33,90.16,71.17,62.35,72.18,65.74,52.11,78.51,61.85,46.56,71.08,69.90,52.19,63.64,73.34,60.24,57.22,74.64,43.40,70.27,72.09,25.34,66.98,71.54,23.41,48.74,78.08,41.34,41.39,85.93,55.96
0,3.60,959,47.92,74.08,67.18,74.47,75.41,81.31,96.06,71.45,73.40,89.75,59.12,47.93,65.82,67.31,51.88,57.71,72.56,63.59,59.12,74.86,55.72,71.86,69.04,27.45,61.49,68.68,28.42,42.65,81.40,50.70,36.67,85.70,61.57,34.71,89.39,60.42
0,3.42,975,48.81,64.01,65.61,44.85,78.87,52.47,75.79,75.00,59.23,86.64,73.15,53.08,91.10,78.16,53.76,90.82,77.65,66.61,77.41,69.54,49.85,73.75,75.93,26.73,71.22,73.43,18.83,55.53,78.56,31.59,46.53,85.74,49.34,46.01,86.90,48.59
0,3.30,984,62.99,52.80,93.78,43.58,75.27,58.48,74.14,77.36,67.08,89.84,75.55,60.44,96.55,74.94,53.43,78.41,76.21,63.39,70.57,74.75,61.89,73.54,72.05,34.04,73.99,71.15,19.40,56.37,78.53,33.95,45.21,84.65,52.14,41.24,91.62,53.56
0,3.26,991,56.60,50.59,99.58,84.31,68.81,76.90,103.58,90.49,87.47,101.24,78.74,76.63,104.90,71.41,61.13,80.01,70.04,61.60,78.84,76.96,50.36,92.54,78.01,21.84,93.23,81.10,14.00,78.19,77.84,21.31,70.45,75.19,30.30,64.32,79.52,33.41
0,3.26,996,58.74,56.89,83.57,91.90,85.90,81.53,96.98,69.94,57.58,85.62,61.02,40.21,88.37,63.52,37.36,79.11,71.87,55.15,77.54,74.00,35.10,82.13,84.71,18.69,82.64,83.50,15.97,70.20,75.75,24.00,59.06,79.77,39.49,55.91,83.92,41.73
0,3.14,998,65.10,43.36,115.76,91.55,73.60,91.75,101.93,70.75,70.51,91.43,58.59,45.92,93.74,63.21,40.23,86.25,71.27,55.15,78.80,77.19,47.30,84.78,82.94,20.84,85.46,77.87,14.95,73.73,70.12,23.91,60.60,77.95,38.19,56.90,84.84,40.64
0,3.02,1007,70.56,37.80,133.40,93.78,62.75,108.11,105.77,91.03,90.88,100.25,93.89,88.50,109.67,88.90,78.68,97.89,84.86,78.56,74.16,82.87,65.00,68.15,85.51,29.18,85.47,77.99,16.95,83.37,74.58,18.15,68.83,78.37,32.03,60.89,85.30,35.76
0,2.97,1012,71.29,37.56,127.65,84.17,65.46,91.49,93.67,80.59,74.80,99.17,83.68,64.88,98.06,78.29,63.95,93.15,71.78,57.19,76.44,68.29,47.84,73.78,79.03,23.99,80.44,81.28,16.63,72.46,75.43,20.69,52.23,78.11,40.49,44.10,86.60,49.89
0,2.80,1015,88.97,23.98,169.34,79.09,42.08,115.22,89.44,63.61,92.27,86.92,77.11,64.40,89.92,72.52,62.93,86.63,65.02,53.20,69.00,68.71,51.11,64.71,76.78,32.71,69.08,77.58,25.49,68.06,68.60,23.21,47.22,77.62,42.80,39.22,81.51,54.40
0,2.61,1023,97.18,19.28,185.38,91.03,31.02,150.52,93.36,58.72,97.65,101.27,64.19,75.58,70.11,72.54,60.87,72.23,69.94,57.86,71.46,67.17,46.32,63.80,76.46,33.45,63.33,79.62,30.67,60.95,75.87,31.05,44.60,78.18,45.67,37.80,84.57,56.64
0,2.55,1028,99.20,16.76,188.22,97.27,21.20,175.25,88.12,54.69,104.31,90.61,64.10,79.02,83.56,75.20,65.42,78.90,72.11,58.97,72.42,66.06,48.79,61.59,76.23,35.45,59.64,77.73,32.15,62.45,74.60,30.45,44.56,79.03,46.12,36.54,83.87,58.07
0,2.61,1032,92.75,21.46,177.40,104.16,33.92,161.71,93.76,71.73,89.47,97.01,85.67,64.94,95.53,84.97,68.55,92.05,81.36,70.99,84.58,73.60,52.56,70.83,81.65,26.80,69.13,80.78,25.96,69.71,78.80,25.08,55.29,78.28,38.53,46.20,85.99,49.99
0,2.44,1043,82.32,30.92,148.18,108.60,52.11,137.61,110.24,79.62,106.25,111.66,61.02,75.85,92.53,79.14,70.35,71.42,72.79,59.69,99.81,65.36,27.71,84.83,74.30,26.73,75.05,75.42,32.22,81.10,62.88,26.84,61.22,75.10,41.91,51.03,80.79,50.35
0,2.34,1045,85.17,30.09,139.05,98.67,34.56,150.01,110.41,75.25,110.07,110.66,74.34,96.97,106.07,68.12,61.74,68.93,79.48,72.94,93.57,67.34,37.67,87.38,69.92,26.44,74.25,74.39,35.57,79.98,59.39,24.93,59.93,66.76,41.00,45.72,83.04,57.31
0,2.32,1047,84.82,31.00,137.95,98.87,34.70,149.12,110.66,77.24,104.70,110.45,83.67,97.04,107.41,63.56,69.98,80.86,80.08,68.96,76.46,71.08,44.43,86.64,71.69,26.32,72.56,75.47,38.33,78.22,55.04,23.55,60.58,66.43,39.61,53.26,86.00,47.83
0,2.30,1051,78.54,33.94,137.44,99.95,36.57,144.27,110.53,81.60,95.39,110.49,87.96,79.99,106.98,88.65,87.41,93.52,87.20,81.27,86.27,70.09,53.12,59.81,84.96,36.26,65.51,80.20,46.31,70.65,56.04,31.23,52.24,68.98,45.88,48.98,93.48,52.38
0,2.32,1056,93.21,25.52,161.90,110.81,59.30,126.18,110.80,73.25,95.95,110.61,82.83,80.18,105.02,82.34,79.44,87.33,82.97,78.44,97.66,69.11,33.76,78.83,81.97,33.77,66.72,85.30,44.35,73.46,71.73,33.05,60.77,85.51,42.89,50.03,98.36,53.00
0,2.18,1061,95.31,20.94,178.98,109.79,36.76,159.41,110.48,57.54,118.94,110.57,67.48,94.78,110.53,67.05,96.09,87.75,77.56,79.07,82.73,73.68,46.32,72.86,76.02,35.73,57.31,84.76,50.62,57.52,70.32,45.16,50.79,77.30,49.68,37.97,92.05,65.51
0,2.12,1066,96.15,20.09,181.53,110.08,32.80,162.39,110.81,50.87,126.79,110.55,59.20,105.74,110.48,59.92,106.24,97.85,72.32,84.35,81.31,76.05,51.09,69.48,75.28,37.34,56.59,81.50,51.62,53.60,74.86,49.89,52.75,74.55,45.93,45.23,95.50,56.14
0,2.05,1070,94.71,21.13,178.00,107.97,31.34,161.87,110.55,49.46,124.61,110.62,59.03,102.77,110.52,61.74,105.24,100.71,69.32,85.27,82.83,77.66,56.03,73.29,73.19,36.93,56.07,81.18,50.06,53.71,74.52,49.57,54.30,73.51,45.29,43.36,92.30,60.25
0,2.02,1075,94.44,25.41,166.32,110.52,38.98,143.68,111.02,53.51,110.13,110.73,63.97,91.66,110.46,67.02,96.30,106.36,70.47,77.61,88.04,76.16,49.72,81.57,70.28,30.36,53.78,80.31,52.71,48.14,69.83,52.27,46.18,65.94,47.64,37.70,86.39,63.88
0,1.98,1079,97.45,32.62,148.61,111.37,44.88,131.49,111.43,55.23,106.21,110.92,63.57,95.37,110.59,68.03,92.33,108.39,68.13,67.55,99.01,76.16,36.69,76.74,85.75,25.15,65.27,79.33,41.55,62.81,75.68,45.54,61.40,75.81,40.70,49.69,87.47,51.34
0,1.88,1084,85.83,37.32,124.93,107.13,47.87,125.72,110.82,50.45,123.12,110.80,54.00,110.35,111.24,59.60,97.85,109.60,60.98,75.57,84.12,74.52,39.60,77.53,76.93,23.81,94.84,69.80,17.81,91.24,77.07,16.64,93.75,79.51,11.16,85.26,107.68,17.62
0,1.92,1089,97.26,34.01,151.37,110.63,40.16,157.71,111.27,45.42,141.17,111.90,48.93,109.39,111.82,63.68,85.33,107.43,59.71,63.29,79.58,72.92,37.62,72.11,74.16,34.85,73.29,76.11,31.89,76.75,85.32,28.06,75.99,84.72,26.09,69.73,91.16,29.09
0,1.94,1093,108.38,26.48,166.20,111.58,37.62,166.74,111.25,49.25,138.76,111.42,51.31,115.39,109.86,54.01,112.29,100.32,57.56,83.61,79.92,75.60,43.80,76.15,70.85,35.63,68.08,78.51,35.33,66.43,84.96,36.27,76.09,79.96,24.09,65.34,95.77,33.50
0,2.02,1098,112.03,30.86,174.07,111.69,46.76,151.90,111.32,57.83,124.91,110.90,63.01,103.25,107.43,71.14,88.81,99.85,69.59,45.74,88.02,73.44,28.86,84.63,70.97,23.09,61.55,76.54,26.77,60.18,79.53,32.41,66.69,86.79,28.91,68.31,103.49,29.01
0,2.08,1103,112.04,37.26,168.33,111.71,54.97,135.77,111.72,64.43,111.42,111.15,69.93,92.18,108.59,76.99,78.17,105.19,76.97,32.57,98.75,80.00,22.26,92.10,85.92,18.35,73.99,89.68,18.94,74.76,103.22,17.61,72.73,102.58,17.71,61.63,97.39,36.60
0,2.10,1108,112.00,38.35,158.13,111.43,64.31,125.13,111.32,73.58,99.87,111.03,76.50,81.94,109.29,83.32,76.06,107.52,81.49,34.58,99.63,84.52,17.42,88.27,89.70,13.91,83.19,88.64,14.58,79.13,106.07,15.03,74.99,104.99,15.74,56.97,99.16,35.50
0,2.13,1114,112.40,29.21,154.65,111.61,55.47,148.79,111.10,70.34,112.38,110.57,75.28,92.18,107.47,79.66,74.17,107.07,80.56,57.46,102.54,84.96,20.87,90.49,91.39,14.02,84.18,90.29,14.38,82.44,103.55,13.41,77.61,103.01,14.71,63.00,97.49,29.89
0,2.21,1117,112.13,29.70,151.08,111.76,56.83,146.27,110.93,74.03,105.44,110.69,79.13,82.62,107.63,80.76,69.59,105.68,80.16,60.96,101.02,88.65,23.51,93.59,92.39,15.32,83.52,96.56,14.13,82.87,99.30,13.20,75.87,102.54,16.31,64.53,98.15,29.76
0,2.28,1122,111.77,29.05,148.61,111.56,50.08,155.23,110.96,70.68,106.63,110.86,76.67,82.53,108.15,81.35,68.53,103.83,80.18,65.10,97.94,84.45,24.55,93.80,90.82,16.32,81.77,94.09,14.16,81.31,99.99,12.94,76.62,107.81,16.41,63.30,98.90,30.94
0,2.27,1129,109.13,23.60,156.85,111.25,31.27,160.66,110.34,68.18,119.25,110.36,78.20,85.03,108.11,77.63,67.22,103.18,77.85,66.28,99.82,77.18,37.37,88.83,90.71,15.24,86.76,89.95,12.98,79.96,94.58,12.84,74.87,105.48,16.33,61.62,102.48,29.33
0,2.40,1133,109.68,24.32,153.41,110.64,34.70,162.88,110.22,67.28,113.67,110.33,72.73,84.58,106.01,73.67,66.10,94.53,77.78,64.70,93.57,78.12,36.79,87.38,87.97,15.29,86.35,91.70,13.90,83.63,94.71,13.26,71.53,95.53,18.51,60.20,96.82,29.99
0,2.54,1137,108.92,26.30,146.35,110.59,45.02,157.18,104.00,72.13,92.50,104.22,71.36,64.35,97.81,69.71,57.18,96.46,77.87,60.68,98.57,75.83,40.89,90.06,86.82,14.13,86.80,90.71,14.37,83.21,93.06,13.09,72.34,98.80,19.44,61.64,97.99,30.01
0,2.72,1145,100.46,33.48,127.98,92.24,66.56,93.40,99.74,72.38,67.45,96.97,69.87,56.76,92.17,72.56,53.92,93.80,78.09,60.43,94.69,71.56,36.10,90.29,84.71,13.87,86.07,91.95,13.21,82.52,91.88,13.49,72.11,105.60,23.67,63.67,101.62,32.50
0,2.82,1148,87.74,43.30,100.87,99.41,69.96,93.80,103.59,71.91,69.47,102.04,68.46,57.27,93.18,73.39,55.96,97.65,76.33,63.66,95.13,73.36,35.46,88.11,84.67,14.43,83.61,90.00,13.56,79.96,93.74,14.85,69.34,98.26,24.90,64.07,101.14,31.66
0,2.92,1153,81.67,47.42,86.48,99.03,70.74,89.62,107.95,76.49,75.62,108.99,72.96,61.45,97.57,72.63,55.78,96.39,74.07,60.64,91.65,70.68,46.05,81.58,84.15,19.12,79.51,86.51,15.16,70.73,88.60,19.31,59.20,92.52,35.89,49.78,94.70,44.75
0,3.26,1161,68.94,65.21,52.40,89.27,78.70,80.03,103.58,80.70,72.19,108.66,82.83,65.47,109.97,81.92,59.71,99.47,77.53,57.24,90.13,70.15,45.89,82.58,83.75,17.05,77.07,77.96,17.09,66.21,82.71,24.48,53.33,89.09,41.47,47.40,91.28,47.06
0,3.35,1164,71.90,64.81,60.47,90.99,79.35,77.83,104.96,80.33,70.91,109.51,81.93,66.15,109.98,82.99,58.43,103.78,79.95,56.98,103.45,76.40,48.45,89.72,80.19,18.54,78.65,79.05,16.61,72.43,81.13,20.13,60.60,95.38,34.34,57.58,106.46,36.60
0,3.51,1169,76.56,71.39,78.32,97.50,81.08,78.21,105.24,83.43,70.71,108.77,80.20,66.83,108.91,81.74,64.08,107.71,84.05,61.58,101.41,81.61,38.29,94.85,79.11,16.58,84.06,91.24,15.95,70.19,84.01,23.55,60.19,85.13,33.40,60.30,95.88,35.67
0,3.56,1176,66.68,68.41,64.65,93.99,80.26,87.97,105.98,85.14,77.35,108.90,84.45,70.71,106.51,82.79,64.10,102.61,84.42,62.14,98.19,81.07,52.96,91.87,84.45,20.86,85.87,78.54,18.21,72.66,76.53,26.83,61.81,82.82,36.11,55.98,88.08,39.12
0,3.60,1179,56.87,73.34,66.40,88.81,81.34,90.39,105.90,81.68,74.52,109.54,80.48,67.29,103.24,79.45,65.54,98.16,79.62,65.36,95.99,76.61,54.98,91.63,81.17,25.09,74.96,85.24,22.65,61.13,79.54,35.25,55.18,78.07,43.23,53.45,96.61,42.85
0,3.60,1183,49.35,72.18,63.49,85.31,81.15,95.04,103.69,83.63,75.48,108.07,85.51,68.53,104.09,84.82,69.45,95.30,78.75,67.96,96.84,74.65,54.64,93.68,74.52,18.25,85.85,75.14,17.09,64.39,77.64,32.78,57.70,78.80,40.32,54.91,100.37,40.99
0,3.56,1187,55.04,64.55,59.96,77.28,76.78,95.05,99.69,86.85,80.89,105.35,86.69,71.25,106.93,88.85,71.43,102.85,85.06,71.99,104.08,76.28,55.25,99.86,81.24,20.13,85.54,82.13,16.73,69.04,80.47,25.95,63.90,82.01,34.98,57.95,92.18,37.30
1,1.58,1401,94.51,30.38,120.07,108.07,39.08,90.56,85.69,55.19,69.65,80.95,64.08,45.55,86.90,68.41,32.08,104.91,63.46,46.55,102.99,67.65,51.37,88.83,92.74,39.67,84.29,100.96,31.59,76.64,109.76,34.91,72.54,102.54,30.72,67.94,101.23,36.11
1,1.76,1429,98.36,24.26,142.60,97.31,38.88,100.01,81.28,50.55,86.04,85.73,55.03,63.87,91.87,58.86,52.21,104.55,58.23,58.58,98.77,86.67,41.66,86.60,99.56,32.12,84.32,96.68,31.12,73.44,109.93,37.76,73.24,98.19,27.41,62.66,101.93,41.27
1,1.72,1445,93.59,32.69,115.87,98.33,41.02,96.83,79.30,53.94,77.20,87.29,59.27,47.31,94.37,64.08,39.88,104.94,60.77,54.66,100.61,85.77,47.39,86.17,105.17,32.27,84.83,98.81,31.15,75.15,107.30,37.51,72.81,99.21,28.34,64.73,101.55,40.10
1,1.72,1456,95.26,31.58,119.86,100.18,40.44,95.00,79.16,54.55,78.32,85.05,59.52,47.87,91.30,64.90,38.07,105.64,61.40,51.95,101.06,81.67,47.08,86.28,105.53,31.97,84.83,99.05,30.81,74.87,109.85,37.51,73.30,99.78,28.23,63.75,99.57,39.93
1,1.73,1462,95.14,31.22,122.20,99.67,41.03,94.75,79.40,54.01,78.62,85.27,61.41,49.02,91.45,64.06,38.88,105.82,61.05,52.45,101.08,85.25,45.28,87.45,104.21,31.61,84.75,98.24,30.82,75.68,108.03,37.20,73.14,99.63,28.21,64.47,99.52,40.01
1,1.77,1469,95.11,33.82,114.10,93.07,43.49,91.42,80.66,56.87,68.25,87.44,60.52,46.63,95.00,64.42,38.32,104.94,63.92,48.30,98.08,90.97,37.67,89.34,105.58,30.35,84.14,100.21,31.23,75.77,112.80,36.03,75.27,101.37,27.63,62.54,99.16,42.07
1,1.81,1475,98.70,35.72,106.01,88.90,44.11,95.01,80.94,55.76,67.54,86.63,61.67,46.84,97.91,63.82,39.56,104.52,64.35,51.04,95.37,91.04,38.34,87.58,105.81,31.46,82.48,100.55,31.80,74.50,110.72,36.61,75.26,99.48,27.96,60.17,102.13,44.10
1,1.81,1482,96.79,31.33,122.74,96.60,41.19,94.40,81.34,53.86,75.77,88.52,56.86,53.21,95.24,63.85,40.67,105.36,62.46,48.96,95.52,91.44,38.78,87.68,104.90,32.16,83.07,102.44,31.91,74.89,114.20,36.07,74.96,103.36,27.91,60.66,102.77,43.75
1,1.83,1485,98.39,31.00,123.84,93.99,42.87,94.28,83.87,53.84,74.43,86.20,58.55,52.33,94.88,64.30,38.62,105.02,63.95,49.18,93.81,91.37,40.10,86.48,104.62,33.19,81.77,102.42,32.25,74.64,107.64,36.71,74.47,101.91,27.91,60.43,98.83,43.83
1,1.87,1492,96.95,33.38,119.16,90.28,42.85,96.29,83.56,55.01,72.89,85.26,60.55,51.68,90.03,67.51,39.38,105.82,66.21,56.44,88.07,95.79,41.93,84.53,100.96,33.04,81.56,99.52,32.31,72.15,109.03,37.61,72.81,97.52,27.18,60.17,98.67,44.60
1,1.89,1497,96.65,35.91,108.95,84.78,46.23,91.54,79.33,56.85,64.82,85.29,62.55,46.27,98.58,65.45,37.33,104.81,68.95,52.68,87.61,98.07,36.93,87.85,101.16,28.74,83.62,103.92,29.58,73.78,113.29,34.45,76.10,98.54,27.48,60.66,97.51,44.23
1,1.92,1503,94.47,39.97,91.73,84.61,48.77,85.70,78.73,62.86,49.95,82.72,72.14,29.49,93.38,72.39,27.65,103.38,58.98,60.54,86.45,82.79,38.73,88.64,94.11,27.43,85.87,101.62,24.81,71.98,106.35,36.87,75.42,102.32,28.16,62.02,96.82,42.27
1,1.78,1508,91.29,30.49,116.77,97.10,44.15,79.07,86.54,55.23,66.09,71.17,76.29,35.18,69.71,71.53,27.37,95.98,55.67,53.21,89.36,58.95,63.92,75.29,92.20,39.82,78.76,92.89,30.32,64.38,105.93,46.47,63.84,96.70,34.82,53.28,92.08,47.39
1,1.88,1514,86.28,36.45,102.10,104.18,43.17,85.88,85.42,55.57,70.24,64.35,66.26,53.89,70.66,60.77,47.76,100.82,42.24,87.88,78.83,62.19,74.41,62.52,86.34,50.80,67.75,90.44,41.19,58.00,104.04,51.57,61.31,91.24,36.43,52.17,88.40,46.72
1,3.23,1685,85.11,32.19,146.80,71.72,50.21,83.15,91.27,64.08,33.40,43.69,91.04,41.89,41.03,94.59,28.08,86.51,75.67,26.22,90.46,75.70,24.11,97.70,81.49,16.54,101.84,119.05,17.53,99.78,121.08,15.34,88.61,113.67,23.77,77.39,105.50,30.78
1,3.11,1691,88.24,29.36,143.48,87.23,29.89,142.04,96.55,62.16,30.80,62.97,79.86,36.32,28.14,102.57,35.05,87.25,73.99,24.87,87.80,74.31,26.32,89.99,79.91,20.63,97.50,109.55,19.29,99.97,114.40,16.15,92.73,108.61,21.12,77.20,105.98,33.34
1,3.14,1692,84.86,28.70,153.55,87.26,33.96,119.48,95.32,65.15,30.15,49.52,85.58,40.46,41.02,92.28,34.15,82.47,76.11,28.20,83.31,78.47,29.87,88.12,81.19,23.84,94.25,112.70,22.06,96.94,108.15,18.82,86.39,106.91,26.17,70.64,101.29,37.29
1,3.07,1697,86.28,29.46,148.48,89.57,27.36,150.07,93.09,61.57,32.94,61.10,80.67,40.01,31.52,99.96,36.77,83.10,74.35,25.43,85.79,77.67,26.11,91.55,83.13,20.86,100.63,111.43,16.72,98.55,112.16,17.75,88.23,109.36,25.04,74.39,104.22,35.07
1,3.07,1701,85.44,29.04,155.12,93.29,25.48,150.64,88.23,62.68,36.78,48.55,85.73,49.04,26.81,100.41,44.38,80.29,77.12,32.19,82.86,77.52,30.28,87.32,81.07,24.20,93.48,113.14,22.98,91.59,114.95,22.07,84.88,106.65,26.62,74.03,108.33,35.19
1,2.95,1706,89.06,27.39,158.29,85.49,27.80,142.93,90.15,59.01,49.66,43.17,87.44,53.89,33.05,97.31,46.14,78.97,74.16,32.66,79.63,78.21,33.05,84.46,88.19,27.54,89.87,112.93,26.10,88.24,112.06,24.20,85.97,106.59,25.78,76.31,108.02,31.67
1,2.88,1711,84.88,29.38,146.77,80.99,31.40,136.64,96.99,55.01,48.91,55.66,85.61,45.22,36.40,96.26,38.39,89.46,73.26,19.80,87.98,78.92,23.20,94.05,87.21,19.55,99.73,119.39,17.89,97.17,113.71,15.82,91.24,115.16,20.73,82.35,117.94,27.25
1,2.88,1717,81.39,32.88,144.18,77.81,39.36,110.18,99.39,60.58,32.72,52.32,90.90,38.50,36.80,101.74,33.02,92.94,79.66,15.82,97.06,77.24,14.95,98.56,89.55,14.08,97.87,118.62,16.22,94.83,122.06,15.89,90.41,123.44,20.53,82.99,121.36,24.94
1,2.85,1722,82.69,33.22,143.10,79.84,34.41,121.82,103.69,60.96,26.32,57.99,87.18,36.92,29.81,104.46,33.09,95.57,77.48,15.01,99.10,75.28,14.34,98.24,87.25,13.93,98.50,116.68,15.80,95.67,121.24,15.98,91.82,122.72,20.27,86.41,120.69,23.08
1,2.76,1728,85.04,31.70,137.31,83.61,26.12,153.02,102.68,58.64,29.77,64.55,82.59,36.11,21.45,108.70,34.96,97.69,75.30,15.43,101.33,76.07,14.66,100.93,85.07,13.07,101.83,124.40,16.52,98.30,124.51,14.50,96.65,130.19,15.92,89.22,123.41,19.68
1,2.69,1733,87.44,30.33,138.00,88.87,25.37,160.20,101.22,55.82,39.88,64.06,81.10,36.52,23.10,106.46,33.80,96.99,79.00,15.56,101.48,74.27,15.29,101.29,89.52,13.48,102.09,131.81,17.88,99.42,124.92,14.99,91.60,117.35,20.57,81.50,112.25,25.40
1,2.67,1740,89.50,29.42,141.28,88.69,25.09,161.50,103.71,55.48,39.93,65.23,80.52,36.56,21.09,105.22,36.41,99.08,75.81,16.89,99.04,72.76,17.55,98.57,85.84,16.22,101.70,123.12,17.70,99.95,119.28,15.14,89.33,114.82,22.25,78.24,112.74,29.88
1,2.63,1747,86.59,30.08,139.11,87.16,25.13,161.35,105.12,52.24,48.20,65.00,79.98,36.61,19.72,106.82,36.03,96.98,77.72,16.55,101.71,73.38,15.06,101.17,87.70,13.19,101.60,123.77,16.48,99.91,124.35,14.81,91.51,111.72,19.79,80.59,112.80,27.31
1,2.63,1752,86.57,29.05,142.06,89.06,24.30,163.32,104.04,53.35,44.33,60.92,81.45,38.78,23.74,105.18,37.31,97.71,74.14,17.85,100.31,72.43,16.61,99.91,85.10,13.93,101.66,124.88,16.40,100.64,115.71,15.28,90.78,112.91,20.05,80.34,114.25,27.50
1,2.62,1759,89.50,29.20,142.67,87.34,23.93,158.47,103.71,56.18,34.31,57.95,84.30,38.95,27.80,103.59,35.52,98.57,73.89,17.39,98.98,75.13,16.43,99.87,85.83,13.74,101.92,122.42,16.09,100.09,118.89,15.30,91.69,115.57,19.27,81.17,112.89,26.60
1,2.60,1765,86.95,29.74,141.34,84.50,25.12,160.75,102.35,54.07,42.85,65.53,80.26,36.65,18.64,108.80,37.88,90.82,76.12,19.51,97.40,75.67,16.33,99.67,83.95,13.63,101.39,124.76,15.91,100.05,120.77,15.28,91.99,116.07,19.12,81.81,114.28,26.57
1,2.63,1771,83.64,31.14,142.80,85.25,25.54,154.75,105.08,56.15,34.54,59.69,83.22,38.62,22.75,107.10,36.67,95.29,75.43,18.57,98.87,74.64,16.46,100.03,88.89,13.76,101.91,126.53,16.43,99.73,120.66,15.32,91.19,118.06,19.61,80.16,117.39,26.96
1,2.60,1777,85.92,29.99,142.65,84.02,25.51,160.09,101.88,53.87,42.14,69.10,79.47,35.48,16.92,110.45,37.84,89.04,76.67,19.19,98.08,75.16,15.47,100.61,85.10,13.13,101.96,123.98,15.72,98.25,119.09,15.50,89.17,117.43,20.09,78.96,108.39,27.86
1,2.67,1783,80.85,31.78,145.46,88.50,28.25,139.73,104.26,59.26,28.91,48.07,90.18,41.40,31.79,102.30,33.54,95.74,73.71,17.24,98.87,74.87,15.96,100.43,91.51,13.52,101.88,123.85,16.23,99.16,119.43,15.53,89.04,112.22,20.12,78.66,115.57,27.84
1,2.67,1791,80.90,31.80,144.41,86.36,28.35,139.96,104.89,60.26,26.59,48.74,90.37,41.27,31.24,101.91,32.61,95.48,75.01,17.14,99.50,75.32,15.40,101.28,89.77,13.12,101.48,125.77,16.15,99.25,115.71,15.32,89.57,120.89,20.04,78.87,114.11,27.78
1,2.67,1794,81.49,31.81,145.46,88.46,28.73,140.08,105.02,59.25,26.62,48.98,89.31,41.16,32.42,101.49,32.62,95.20,74.35,17.28,99.45,72.79,15.42,100.59,93.43,13.25,101.39,126.13,16.11,98.52,114.97,15.45,89.84,118.17,20.59,78.39,116.23,28.38
1,2.60,1799,88.38,29.93,142.68,83.71,25.51,160.55,101.34,53.40,42.81,69.36,79.20,35.62,17.55,110.07,37.59,89.33,77.08,19.03,98.67,72.63,15.64,100.55,86.86,13.30,101.99,126.76,15.93,98.59,118.61,15.48,90.13,120.54,19.99,79.28,116.06,27.68
1,2.67,1806,82.27,31.41,145.81,85.95,28.28,140.40,104.47,59.40,28.05,50.19,89.01,40.69,30.43,102.40,33.87,96.26,74.32,17.32,98.47,74.12,16.05,100.89,86.48,13.71,101.93,125.90,16.43,99.71,116.07,15.48,91.00,118.00,20.22,79.60,116.17,27.77
1,2.63,1809,85.75,30.33,141.56,84.03,24.95,158.43,101.55,55.69,36.46,67.93,79.30,35.53,18.66,109.69,37.48,93.08,76.25,18.21,99.45,72.99,15.49,100.75,87.21,13.21,101.61,125.59,16.08,99.28,118.22,15.35,91.08,119.51,19.57,80.23,113.74,27.19
1,2.60,1814,87.01,29.58,141.51,85.26,25.64,160.81,102.38,53.46,44.14,68.40,79.09,35.49,16.95,110.93,38.50,91.18,73.02,18.92,99.25,72.32,15.93,100.04,81.58,13.69,102.08,121.40,16.09,100.24,118.67,15.39,92.10,115.11,19.14,80.72,116.54,26.66
1,2.62,1822,87.23,30.39,141.90,88.21,25.16,156.40,103.14,56.31,34.12,61.58,83.01,37.67,23.84,107.49,35.96,96.17,74.17,17.89,99.92,71.85,15.83,101.07,84.76,13.51,101.59,125.88,16.22,99.71,119.91,15.36,91.71,120.14,19.27,81.35,115.60,26.88
1,2.67,1825,82.47,31.39,145.37,88.24,28.13,139.95,104.43,59.13,27.43,47.62,89.43,41.41,32.49,102.70,33.04,96.66,73.27,17.15,99.47,74.27,15.89,100.78,89.35,13.42,101.53,127.50,16.33,99.57,117.68,15.56,90.11,113.56,20.28,78.95,115.52,28.01
1,2.60,1829,88.40,29.64,141.31,84.19,25.43,160.43,102.62,52.82,43.49,66.69,80.25,36.22,17.43,109.66,37.72,92.21,73.49,18.98,98.95,72.66,15.88,100.25,83.50,13.55,101.73,123.68,16.13,99.68,119.67,15.33,91.18,118.01,19.05,81.20,116.42,26.77
1,2.60,1834,88.00,29.89,141.26,85.03,25.69,159.88,101.95,54.23,41.17,66.97,79.76,35.95,18.63,110.24,37.39,90.38,77.43,19.00,98.59,74.10,15.54,100.51,82.54,13.13,102.04,124.23,16.05,98.87,121.36,15.38,91.91,118.57,19.55,80.83,114.84,27.22
1,2.54,1845,93.65,26.17,143.23,84.81,28.32,158.01,94.43,43.56,77.70,88.96,69.22,28.94,12.23,111.69,43.44,82.43,80.23,21.43,98.09,72.25,15.90,101.21,81.88,13.87,101.43,123.80,15.53,99.59,120.55,15.31,91.24,118.37,19.04,79.36,117.64,27.00
1,2.54,1850,93.30,25.78,144.49,85.74,28.48,158.65,94.48,42.83,80.12,88.82,68.42,29.69,12.71,111.67,43.93,82.17,80.25,21.69,98.18,74.27,15.99,99.62,79.91,14.13,101.76,122.71,15.65,100.00,120.65,15.47,90.35,120.10,19.12,79.76,116.75,27.09
1,2.67,1856,81.77,32.56,144.57,87.40,28.87,140.15,104.87,59.12,28.74,49.28,89.59,41.21,32.98,103.66,33.77,96.46,74.00,16.87,99.50,77.30,15.64,101.54,90.87,13.24,101.37,126.59,16.19,98.98,118.68,15.07,90.13,121.26,19.55,79.92,115.14,27.14
1,2.60,1863,83.67,30.33,142.68,85.03,25.25,159.52,102.85,55.16,42.13,71.10,78.03,34.70,15.05,112.61,38.54,87.47,79.39,19.01,97.78,74.36,15.23,100.11,84.67,12.90,101.99,124.47,15.91,97.82,120.48,15.68,86.45,114.56,21.70,75.65,113.60,30.27
1,1.41,1873,24.53,47.85,77.02,21.92,51.47,78.11,28.27,54.21,77.21,40.85,51.88,104.56,77.35,37.71,113.99,103.91,24.94,136.06,88.96,37.09,116.99,70.18,47.65,87.71,68.41,59.54,38.71,72.10,69.23,28.09,68.93,63.27,27.20,67.02,69.05,30.08
2,1.94,1917,89.65,26.56,177.86,76.81,25.19,167.72,38.61,31.86,131.27,24.14,50.36,98.13,22.11,52.16,96.19,25.46,63.44,93.87,56.94,59.32,49.43,82.19,42.77,27.24,83.95,44.13,22.00,79.32,48.62,22.17,74.58,57.39,24.73,62.33,66.56,32.28
2,1.92,1920,95.13,23.39,178.45,86.28,23.52,180.34,52.79,26.31,147.41,29.82,42.09,110.09,21.69,50.24,96.14,27.21,55.02,99.00,47.34,56.54,61.75,81.40,46.28,34.12,80.00,47.81,32.59,70.44,52.95,33.36,71.47,53.56,29.45,55.96,66.85,41.93
2,2.02,1927,88.45,26.96,173.19,84.84,23.39,175.62,38.65,28.34,136.50,19.45,47.24,95.55,18.05,50.77,94.53,18.04,62.40,86.09,55.23,54.09,50.00,81.36,45.17,29.62,81.50,47.29,28.88,74.77,50.46,29.04,68.16,57.20,30.55,56.11,64.86,38.53
2,2.14,1933,81.31,31.74,166.49,73.54,25.69,164.07,26.85,34.20,118.92,16.88,51.33,88.11,17.07,51.99,91.95,16.59,62.75,85.91,48.40,66.14,50.99,80.88,45.37,25.64,84.92,42.58,23.71,80.41,44.68,18.52,79.27,51.31,18.88,65.07,64.35,30.64
2,2.20,1939,80.72,33.31,159.50,73.87,27.54,162.72,26.94,35.93,114.51,16.55,54.11,85.05,16.59,54.63,86.71,17.01,57.83,86.65,37.65,65.10,58.45,76.50,54.80,25.98,94.96,39.30,16.40,90.06,46.21,15.90,80.74,52.31,18.45,64.28,65.37,30.95
2,2.21,1944,86.35,29.14,162.80,79.83,26.86,171.55,41.02,30.86,131.72,23.75,45.40,99.38,21.42,49.00,95.20,17.27,56.13,89.85,38.42,62.32,61.60,73.90,55.09,29.52,87.36,42.70,20.86,89.18,49.41,16.18,79.08,51.45,18.94,64.03,62.38,32.19
2,2.26,1949,84.70,30.03,165.32,78.75,25.91,170.14,38.46,30.26,130.60,23.12,44.80,102.03,20.18,46.98,96.62,17.57,55.63,90.83,37.92,67.79,56.93,79.59,48.64,25.64,92.23,42.91,19.21,88.68,46.28,15.44,74.14,52.45,21.40,61.57,63.31,33.76
2,2.24,1954,89.98,24.85,166.07,81.67,29.95,170.51,51.35,26.59,147.28,18.45,42.60,101.01,17.09,50.95,91.07,17.01,53.62,92.42,23.65,78.80,59.77,85.92,43.54,22.74,91.02,41.74,17.54,87.29,48.24,15.88,74.09,55.75,22.96,62.97,64.61,34.78
2,2.40,1959,81.32,31.37,166.78,78.83,26.42,166.38,27.20,31.26,126.33,17.02,46.47,95.16,17.04,50.62,93.68,17.00,57.77,87.30,42.30,62.96,55.61,79.98,51.30,26.25,85.96,48.82,18.49,83.87,52.44,16.22,72.83,56.61,23.75,63.62,62.25,32.50
2,2.46,1963,81.50,32.05,165.24,75.55,27.23,162.56,28.45,30.78,127.69,16.89,43.76,99.90,16.52,49.49,95.04,16.99,52.84,94.27,33.17,66.78,66.57,76.44,56.30,27.81,90.21,40.39,18.49,85.34,50.24,16.94,73.99,54.76,23.73,65.93,60.33,31.56
2,2.47,1969,85.57,29.01,167.76,80.43,27.12,169.99,46.89,27.19,141.76,28.97,38.81,114.71,18.05,50.75,93.50,17.36,53.64,92.59,21.62,73.41,70.48,68.79,50.96,37.19,79.03,50.28,30.44,78.45,50.93,29.10,70.69,58.74,33.05,63.75,64.78,37.10
2,2.47,1973,87.52,28.69,164.74,79.94,28.41,169.57,49.14,27.90,140.12,29.19,38.75,113.87,17.67,51.47,91.65,16.60,51.92,94.35,20.63,68.84,76.14,64.61,55.91,40.34,81.69,49.10,31.65,81.07,50.61,30.35,70.33,58.31,34.35,67.62,67.20,36.64
2,2.47,1983,92.78,26.39,156.99,81.74,32.61,165.21,51.30,29.77,138.10,19.44,37.36,108.84,16.09,49.30,92.43,16.59,50.12,94.66,19.34,65.23,82.25,70.78,55.89,39.38,86.45,49.25,24.73,86.27,47.29,26.70,78.35,55.50,29.98,68.32,62.04,32.83
2,2.61,1988,80.59,34.23,162.12,67.87,29.00,152.13,21.74,33.80,115.31,16.36,47.78,91.99,16.25,51.48,90.94,16.67,56.33,91.40,45.90,59.29,64.78,75.90,54.66,30.27,93.15,46.81,24.04,84.41,47.45,27.13,77.23,55.42,27.70,70.13,61.87,31.61
2,2.60,1995,83.65,31.89,166.52,77.62,26.34,163.31,25.82,30.43,122.28,16.65,45.77,92.66,16.71,50.19,91.57,16.81,53.87,90.90,39.55,62.28,66.32,78.16,52.55,31.74,84.46,50.37,25.89,81.41,50.78,27.67,67.48,55.61,34.26,59.45,69.30,40.52
2,2.57,1999,84.35,30.59,166.56,81.99,25.62,168.73,30.21,28.92,128.03,16.85,44.46,93.69,16.71,50.45,90.93,16.89,52.51,91.64,27.48,66.63,71.89,79.24,51.17,34.06,84.46,50.86,26.13,75.58,45.59,25.74,67.23,57.03,34.96,57.84,69.39,42.01
2,2.58,2004,83.41,31.16,164.87,81.97,26.12,168.23,28.35,29.54,126.06,16.71,44.80,93.88,16.36,50.88,90.16,17.74,50.86,90.67,26.36,62.84,70.86,80.96,50.24,32.22,86.43,46.74,22.80,91.02,41.98,17.40,68.83,54.04,29.12,61.37,65.48,37.86
2,2.58,2011,82.39,31.43,164.36,79.24,26.40,166.18,30.01,31.08,124.00,18.15,43.51,96.65,16.60,48.19,93.97,16.85,49.49,93.68,22.48,63.16,75.86,75.14,55.59,35.23,76.83,56.24,23.83,86.41,40.13,16.41,72.61,53.82,26.20,67.10,63.78,33.28
2,2.63,2015,81.34,32.91,167.05,66.23,28.91,150.04,24.29,32.38,119.04,17.61,46.56,92.98,16.90,46.46,97.03,17.95,50.27,90.13,33.87,63.16,66.13,67.86,65.82,37.80,79.71,52.65,25.51,85.53,45.85,20.96,75.85,55.43,24.82,69.44,62.04,29.39
2,2.54,2020,85.90,29.19,167.46,82.15,26.64,171.70,38.46,30.04,128.90,23.03,42.68,103.07,16.54,51.74,91.66,18.91,49.49,91.97,22.56,67.80,72.19,56.93,66.98,41.11,79.04,49.66,27.79,84.33,51.78,23.25,73.11,54.96,24.99,65.32,63.17,31.54
2,2.52,2027,86.00,29.24,166.63,78.96,29.00,164.39,34.00,32.68,119.04,17.81,45.09,94.36,16.68,52.30,87.15,18.63,49.82,89.43,23.13,67.04,72.11,68.75,64.87,30.35,82.71,48.22,21.91,85.78,49.90,19.21,75.12,54.64,22.63,68.47,60.43,30.65
2,2.51,2031,88.02,27.68,168.98,80.85,28.48,167.62,39.69,32.32,122.54,21.75,43.06,98.87,16.17,52.61,86.18,17.55,53.33,87.40,24.25,62.21,73.73,71.27,62.57,30.84,82.90,49.70,21.61,82.96,48.73,20.20,73.39,55.54,23.62,63.68,60.11,32.91
2,2.48,2035,87.95,26.88,170.84,81.71,27.31,170.31,42.07,31.44,125.62,24.67,42.92,101.89,16.73,52.98,85.26,16.54,50.99,90.29,23.05,54.20,80.53,60.53,65.19,39.31,80.06,53.18,23.63,81.16,50.76,22.11,70.24,56.85,26.03,60.49,64.04,35.72
2,2.40,2042,94.87,23.78,166.88,85.24,30.33,171.42,52.86,32.09,133.52,19.29,40.48,100.11,15.94,56.11,80.60,16.16,54.89,84.52,16.55,56.80,85.61,51.86,64.13,46.38,81.94,57.40,20.58,86.52,49.65,17.44,75.73,52.81,21.07,63.27,62.75,31.47
2,2.47,2046,84.67,29.66,165.28,80.32,26.60,168.46,32.70,34.20,115.01,16.83,49.41,86.30,16.09,57.43,79.25,16.91,54.09,84.53,21.35,58.60,76.42,71.91,54.14,32.60,88.37,45.68,19.25,83.39,47.74,16.84,74.42,55.48,20.59,63.94,62.81,31.78
2,2.39,2050,91.41,26.06,164.13,84.72,28.73,172.01,47.45,30.11,134.25,18.15,43.85,92.32,16.09,58.62,77.52,17.77,54.89,83.31,17.91,59.04,83.39,65.75,53.05,35.10,84.69,45.51,21.42,85.06,49.61,19.48,75.38,57.40,21.15,63.40,62.14,32.09
2,2.47,2057,84.83,29.92,170.38,76.42,24.82,164.21,26.50,33.97,111.17,16.86,55.51,78.29,16.52,59.06,80.64,18.81,54.29,85.43,30.18,58.48,70.92,74.04,52.76,29.18,84.83,47.15,24.03,82.76,47.66,17.59,73.33,55.64,25.06,58.92,63.18,35.72
2,2.43,2061,85.34,29.56,168.20,77.88,24.87,167.22,30.07,32.90,115.03,16.72,54.41,79.18,16.41,60.62,79.10,18.86,53.76,86.80,27.24,57.94,73.07,73.94,50.80,30.42,82.93,46.30,25.30,88.69,44.26,16.35,72.82,54.85,25.33,61.32,64.66,36.69
2,2.34,2065,90.71,25.09,166.46,85.01,27.67,173.81,50.33,28.33,135.43,17.97,46.73,87.68,16.11,62.53,74.48,16.93,56.51,86.37,21.63,55.38,83.56,66.60,53.33,35.50,83.19,46.88,28.67,83.41,40.06,17.34,74.19,49.91,23.98,61.65,64.17,37.35
2,2.37,2070,86.05,27.96,166.31,82.19,25.87,170.80,37.40,30.84,122.30,17.94,53.54,80.01,16.25,61.10,77.09,16.84,55.08,87.86,20.87,58.57,80.69,76.28,47.30,28.79,83.95,46.44,26.23,87.32,42.64,17.15,73.42,50.05,25.51,59.11,64.02,37.89
2,2.42,2075,84.95,30.20,168.28,77.11,25.29,163.42,27.65,34.04,112.54,16.76,56.39,77.51,16.59,61.10,78.23,17.78,56.34,84.96,28.56,58.46,73.19,82.09,46.92,26.26,85.54,46.79,24.91,87.34,41.98,18.73,72.57,51.06,27.81,58.40,67.06,39.17
2,2.42,2081,83.63,30.28,170.72,71.97,26.37,157.90,24.22,35.65,107.93,16.17,57.83,76.68,16.50,60.39,79.18,17.67,56.45,84.38,28.51,60.07,71.86,81.13,48.67,25.02,84.00,47.40,24.84,83.50,41.34,18.34,70.80,51.71,27.26,62.57,67.58,37.09
2,2.39,2085,82.95,31.81,166.31,75.13,26.09,160.94,24.77,34.36,110.74,16.00,55.74,78.84,15.96,60.27,79.14,16.98,56.52,84.93,25.63,59.83,74.36,83.04,44.90,26.72,88.14,47.60,22.35,90.13,41.46,17.75,77.18,50.68,25.33,65.03,66.28,35.35
2,2.37,2090,85.15,30.47,168.79,78.94,25.26,165.65,29.27,31.57,119.50,16.07,52.22,82.91,15.85,57.25,81.82,16.39,57.02,85.68,28.96,57.72,72.14,81.07,44.88,30.68,82.69,46.43,25.24,86.69,41.48,17.26,74.38,53.89,25.92,64.42,66.84,36.80
2,2.42,2095,86.49,28.43,175.48,71.44,24.90,161.12,27.48,32.40,117.54,16.51,51.45,84.81,16.13,55.30,86.30,17.14,55.21,84.11,36.79,55.46,64.51,82.68,46.68,26.82,83.45,50.46,24.52,84.18,43.59,16.80,70.41,56.33,25.78,60.45,67.03,37.72
2,2.38,2100,80.76,33.94,162.43,68.04,28.01,153.32,21.47,33.54,112.88,16.21,51.67,85.87,16.53,52.54,88.39,17.29,56.62,80.87,31.34,61.26,66.40,91.53,40.62,22.64,93.65,44.64,16.98,90.09,48.65,15.36,82.98,52.76,18.36,70.81,61.66,27.12
2,2.41,2105,80.53,33.78,162.22,60.07,29.80,143.70,18.65,36.66,106.66,16.11,52.48,85.05,16.25,52.33,88.65,16.23,57.24,84.33,37.29,60.56,65.22,89.30,44.40,23.70,94.62,45.20,16.39,89.16,47.43,14.69,81.96,54.31,17.34,72.19,57.53,24.19
2,2.29,2111,82.95,31.18,159.18,77.86,28.95,165.85,35.76,29.68,129.14,16.81,47.20,92.27,16.17,52.70,87.25,16.44,53.67,87.03,24.62,61.62,76.30,80.26,51.58,31.69,86.00,52.62,20.80,90.73,47.84,17.49,81.44,52.71,18.72,70.45,60.22,26.93
2,2.35,2116,79.40,34.26,162.12,70.63,28.87,154.49,20.46,34.29,113.66,16.29,51.26,86.23,16.04,53.15,87.75,16.75,56.92,83.38,33.52,61.01,66.16,92.54,41.29,24.09,93.62,43.76,17.18,90.99,49.57,15.34,81.57,53.62,18.46,67.49,63.86,30.06
2,2.35,2121,80.92,32.25,167.15,71.18,28.03,156.84,23.09,33.65,116.55,16.10,50.82,87.81,16.04,53.80,87.75,17.48,57.49,81.46,35.49,61.38,63.08,90.32,41.19,23.68,94.04,44.40,17.05,88.37,50.03,16.05,75.76,54.37,20.81,61.60,61.90,34.51
2,2.29,2125,83.82,29.63,166.83,80.88,26.74,170.39,38.58,29.24,133.35,21.06,45.79,98.43,16.52,52.23,89.31,17.10,55.17,85.66,27.60,61.25,70.94,80.57,49.77,28.92,91.14,45.97,19.76,89.35,49.04,16.56,77.46,53.11,20.68,61.91,64.40,32.71
2,2.32,2131,83.22,30.55,169.23,78.07,25.56,166.72,32.27,30.37,129.04,22.25,45.51,99.69,18.44,49.38,95.11,16.56,54.45,87.30,29.72,59.70,71.72,79.93,50.11,29.81,86.48,49.96,22.56,88.03,45.97,16.63,73.72,51.37,23.29,63.58,61.06,33.69
2,2.34,2136,83.19,30.64,170.90,72.32,25.84,160.78,25.02,31.83,119.27,17.08,47.17,92.88,16.90,49.66,93.90,16.49,53.66,89.36,40.67,57.87,65.87,73.87,63.36,28.05,85.01,51.40,21.34,88.59,44.87,16.75,73.70,50.20,24.35,63.53,62.12,34.02
2,2.28,2142,83.79,31.72,157.67,78.65,28.43,164.84,32.83,28.59,129.16,17.27,44.28,95.13,16.97,46.71,96.81,16.83,52.43,89.90,31.79,62.17,71.43,79.12,57.12,28.00,92.59,46.41,16.51,91.39,45.44,17.01,77.21,52.24,23.88,69.50,62.89,30.40
2,2.39,2147,82.75,31.48,168.55,63.82,25.78,155.27,24.83,32.53,117.67,16.93,44.27,97.31,16.94,48.54,96.34,16.46,58.47,88.35,51.60,57.34,57.96,79.51,52.67,26.51,86.10,45.55,23.12,82.61,52.55,22.26,75.12,59.70,26.04,65.69,62.63,32.13
2,2.38,2153,79.75,36.90,155.18,56.01,30.08,145.01,38.25,30.46,134.26,26.69,39.02,112.48,18.57,44.99,101.79,16.08,57.92,89.94,51.25,59.04,55.78,81.71,45.87,32.40,78.86,46.50,30.65,86.83,40.15,25.02,68.20,57.00,35.42,61.36,69.02,38.43
2,2.41,2157,78.33,37.08,149.16,54.90,31.68,144.37,53.35,26.83,150.47,43.60,31.70,135.26,26.34,44.70,106.90,16.27,61.79,90.29,35.64,70.34,62.30,67.29,48.31,39.89,67.92,48.64,39.44,75.41,40.59,32.55,56.10,59.77,47.71,48.65,73.00,53.35
2,2.71,2190,106.72,20.38,176.63,77.97,14.05,184.14,40.39,32.12,126.70,20.39,51.74,88.44,18.13,58.58,80.45,28.42,54.34,70.98,29.30,64.61,61.58,62.90,50.99,38.23,71.95,46.11,32.27,72.62,39.52,31.32,52.28,62.82,48.46,51.60,68.21,49.35
2,2.74,2194,107.82,17.95,181.94,76.22,17.61,174.61,36.47,38.14,114.00,18.85,53.70,86.10,22.88,62.80,68.77,32.28,56.49,63.20,37.28,61.18,51.84,60.90,52.45,33.88,70.03,53.19,28.66,70.90,52.22,29.56,52.07,69.75,46.55,44.96,68.82,51.64
2,2.74,2199,107.41,17.87,180.63,68.87,21.81,162.90,35.04,41.78,113.89,24.82,60.64,73.84,26.13,63.87,66.61,28.90,60.15,66.68,32.08,64.67,57.89,57.59,53.44,37.20,66.04,53.21,31.75,70.47,51.86,29.42,55.30,64.03,40.71,47.80,62.09,48.82
2,2.89,2204,95.12,24.52,169.75,67.84,21.07,162.90,27.70,45.08,95.65,17.44,62.99,74.85,29.17,62.50,65.68,33.44,55.20,64.67,31.86,61.40,59.06,59.67,49.04,38.04,69.11,46.86,32.17,72.43,45.98,30.06,58.28,57.58,39.34,55.64,61.99,45.69
2,2.80,2209,99.48,22.58,166.72,80.59,24.59,170.80,50.26,34.90,120.22,24.59,56.76,72.62,21.87,60.11,74.34,23.76,58.31,73.61,31.58,66.81,56.58,57.99,56.64,35.84,68.72,49.61,33.18,66.50,48.04,34.94,53.02,64.90,45.87,49.89,66.06,49.42
2,2.93,2219,79.52,35.27,161.45,55.47,27.65,150.05,28.95,38.43,107.63,15.67,54.58,82.22,18.24,52.62,79.36,27.21,53.65,75.20,44.56,54.15,63.67,77.78,41.06,35.05,80.57,38.20,28.54,68.08,52.83,38.07,56.86,61.10,44.78,55.25,66.42,46.68
2,2.79,2225,89.66,28.32,172.78,78.28,24.09,172.68,56.39,27.23,141.35,19.06,60.16,85.54,16.81,61.46,84.34,20.77,58.81,83.45,22.36,69.45,79.86,61.03,54.78,52.27,71.79,41.84,39.02,63.86,48.78,42.92,43.97,67.35,57.40,45.71,70.98,54.56
2,2.73,2231,83.72,31.61,166.39,71.27,23.38,165.24,26.69,38.00,101.47,20.86,47.47,84.13,17.61,50.31,85.29,16.58,56.50,84.50,19.13,68.98,70.15,52.93,61.33,35.91,71.19,42.52,26.27,72.48,45.18,23.23,63.23,58.14,32.92,66.47,64.79,34.25
2,2.51,2235,97.55,21.61,168.24,85.64,27.19,176.32,54.77,29.86,135.98,25.03,52.10,82.35,22.53,55.11,79.87,20.95,57.14,79.17,15.63,81.26,68.80,60.88,48.49,34.84,75.50,44.79,22.68,81.01,50.21,17.82,68.88,58.37,26.54,68.06,63.59,31.03
2,2.54,2241,84.60,30.00,163.01,78.52,24.99,169.25,29.47,39.00,104.72,19.41,50.11,88.41,17.14,50.95,89.46,16.99,70.07,77.40,17.42,81.61,59.94,82.58,37.17,22.18,85.43,45.45,18.90,88.22,44.91,16.36,81.13,52.17,22.78,80.74,56.55,21.68
2,2.54,2247,81.68,31.65,166.84,69.71,25.28,158.76,25.16,33.70,115.00,19.04,46.12,95.12,16.27,49.78,89.03,16.19,55.88,83.01,36.01,63.40,61.07,81.06,55.10,27.12,87.92,48.28,24.97,82.27,51.60,25.74,80.55,64.90,22.14,83.60,67.04,18.16
2,2.48,2251,82.35,30.59,170.55,70.55,25.58,158.02,23.79,33.58,115.01,16.23,50.86,87.17,16.06,54.64,83.69,17.94,61.47,74.63,42.09,60.37,53.96,89.66,39.19,25.58,86.46,46.26,26.52,82.46,51.88,24.65,80.45,55.55,21.32,82.27,64.20,18.37
2,2.44,2257,87.48,25.93,177.08,61.80,24.79,151.11,21.67,39.19,101.57,15.77,54.20,82.82,16.29,57.17,81.68,18.93,65.33,71.24,61.97,50.46,36.74,86.95,43.83,21.89,80.79,48.76,22.05,85.61,53.77,19.60,75.13,58.00,22.49,70.67,68.91,25.43
2,2.30,2263,86.83,28.56,174.28,80.83,23.00,169.78,37.99,30.52,127.55,21.14,48.68,86.65,16.33,54.65,83.13,17.73,58.93,77.04,30.88,67.43,56.30,76.84,52.67,22.88,79.69,50.99,18.76,82.58,50.82,16.85,77.29,54.95,18.90,63.75,68.48,28.43
2,2.26,2265,87.44,29.13,173.34,78.83,24.11,167.13,36.42,30.59,126.31,20.08,48.95,87.07,16.18,54.42,85.42,17.79,60.57,77.01,34.18,67.01,54.60,79.33,53.20,22.95,80.58,48.76,18.94,85.28,46.48,16.65,75.47,54.48,19.17,64.34,69.66,28.36
2,2.23,2270,83.92,29.17,171.63,58.66,24.42,150.39,28.87,36.21,110.47,17.00,48.90,88.21,16.37,50.29,91.33,16.46,66.29,76.72,70.08,48.63,35.80,90.81,35.83,19.65,90.03,41.96,17.26,90.24,48.11,16.80,84.20,56.14,18.01,78.36,68.60,23.24
2,2.13,2275,87.00,28.45,174.92,70.19,23.55,163.80,32.48,31.87,119.88,20.92,46.07,93.07,20.65,49.59,92.82,19.22,65.89,78.03,69.49,47.88,36.96,89.69,41.77,22.24,88.17,47.64,20.93,83.03,49.89,23.43,79.77,55.56,22.63,71.87,71.01,30.86
2,2.04,2280,91.45,24.44,184.46,78.04,20.90,174.88,43.63,27.91,135.60,27.80,44.58,101.51,24.88,49.28,93.26,27.97,60.94,84.72,63.91,56.34,39.56,81.14,49.20,27.79,78.26,51.14,27.26,70.50,55.55,30.54,69.56,58.63,27.19,61.12,71.50,37.06
2,1.85,2332,86.22,31.58,156.75,65.87,29.03,154.83,43.15,30.71,135.55,29.96,39.13,117.27,24.02,45.17,106.78,15.60,71.30,83.11,52.39,62.37,46.55,84.45,35.65,33.26,83.24,41.09,30.54,72.76,52.98,32.27,78.64,47.65,21.66,60.45,64.42,39.98
2,1.83,2336,93.62,26.84,166.89,80.16,26.23,171.32,50.84,27.92,143.53,35.76,37.53,124.01,27.97,42.21,113.25,19.33,65.23,89.59,43.55,62.73,58.25,76.10,42.35,40.71,72.68,47.67,37.01,58.71,57.92,41.37,64.01,57.58,31.90,50.59,69.59,49.57
2,1.83,2341,94.15,25.39,174.80,82.53,23.04,177.55,56.17,25.71,151.77,43.87,37.28,128.37,35.12,42.07,118.85,28.41,53.53,104.58,53.31,60.43,62.48,66.22,54.40,43.14,68.92,48.57,37.65,51.36,60.24,45.95,67.58,57.78,33.18,52.25,71.66,48.84
2,1.79,2347,91.64,26.81,174.41,78.70,22.96,172.57,47.06,26.77,140.69,32.05,40.62,111.94,21.28,48.30,98.44,22.85,58.41,90.66,68.50,50.19,54.44,73.10,53.07,33.19,75.20,49.26,24.77,59.27,56.95,34.90,69.23,53.65,28.52,48.33,70.41,48.69
2,1.79,2352,88.13,27.85,174.68,71.56,23.82,161.76,43.21,29.89,134.07,34.34,39.77,114.32,23.66,47.47,99.34,22.53,60.62,85.20,67.33,53.85,55.83,74.93,54.49,32.74,84.50,51.39,22.41,75.62,54.55,27.71,76.98,56.92,27.88,62.65,68.16,33.52
2,1.80,2357,91.00,25.51,180.56,72.65,23.06,161.40,46.14,28.76,136.38,37.79,37.14,120.04,27.15,45.30,104.04,27.59,60.72,89.76,66.32,56.08,56.44,87.95,46.28,29.67,89.38,51.67,22.79,78.28,56.41,30.35,78.37,53.28,27.71,65.65,66.49,34.25
2,1.80,2362,92.26,26.02,178.53,85.22,23.12,174.25,48.02,25.02,140.96,37.29,35.14,120.74,28.17,41.28,107.97,26.81,56.65,94.43,61.00,56.23,73.46,80.05,51.53,36.71,81.19,51.05,32.35,73.75,55.22,36.65,76.08,52.82,31.12,68.15,61.81,33.87
2,1.85,2367,91.90,25.90,178.04,83.97,22.46,171.65,36.42,26.60,125.56,23.70,38.99,102.74,19.02,44.65,93.76,26.15,57.17,89.57,74.25,52.38,54.00,85.53,48.74,32.26,91.00,45.34,25.30,75.82,56.29,35.41,75.45,50.75,29.20,62.40,66.19,38.44
2,1.90,2372,96.02,26.52,171.59,88.38,22.98,173.31,35.01,24.59,126.12,16.82,39.92,91.78,18.40,44.42,89.23,26.78,52.00,88.96,61.05,53.55,63.80,86.02,48.55,34.50,93.15,43.57,23.90,80.29,55.01,32.42,76.11,48.33,28.83,62.27,61.09,35.51
2,1.83,2378,97.69,27.82,163.07,88.54,24.09,170.46,34.25,25.84,121.16,16.08,42.21,84.18,18.21,45.80,83.82,21.82,54.77,79.45,63.43,52.50,53.30,92.93,45.66,27.15,92.69,46.02,22.32,82.91,50.50,28.89,77.72,51.11,27.46,66.04,62.99,34.01
2,1.83,2383,99.50,26.64,164.59,91.51,23.62,172.34,40.35,24.46,127.71,20.92,39.90,89.99,17.58,43.78,85.45,21.18,53.05,80.69,63.83,52.50,56.47,92.29,45.42,29.54,91.34,44.60,25.40,79.61,53.69,30.21,79.79,51.63,26.07,62.74,65.72,36.07
2,1.92,2388,92.87,24.22,177.57,67.77,21.35,154.06,29.85,32.04,107.43,20.48,43.64,87.46,21.29,45.12,88.85,33.54,53.46,90.51,77.20,50.76,43.57,88.21,47.49,31.75,82.49,48.71,31.52,70.95,53.99,34.61,71.59,51.93,31.66,55.80,66.58,41.28
2,1.92,2394,92.34,25.39,176.37,70.28,21.73,157.57,28.12,30.62,109.00,16.81,45.10,83.41,23.66,43.31,93.53,33.15,56.74,92.45,69.46,53.15,47.73,88.66,44.93,32.04,81.17,47.58,31.25,70.14,53.37,33.86,72.21,52.08,31.21,58.18,66.97,40.79
2,1.92,2397,91.56,26.23,175.03,72.96,22.44,159.59,29.12,28.90,112.20,16.74,43.17,85.24,22.27,42.22,93.15,26.36,60.46,86.57,65.58,55.59,44.53,91.02,45.82,28.70,80.76,48.96,29.39,73.23,52.03,32.82,71.45,52.60,31.03,56.85,66.25,40.14
2,1.93,2404,89.17,28.83,167.77,76.83,24.52,161.76,29.85,27.72,117.21,18.10,42.12,89.10,16.98,46.64,87.39,17.79,61.50,77.94,58.67,58.77,47.65,86.12,53.78,23.61,88.12,43.96,22.42,79.37,46.69,24.99,81.97,50.05,24.87,61.05,63.08,37.49
2,2.00,2409,89.67,29.04,167.04,78.62,24.28,166.16,32.60,27.78,123.11,18.36,42.77,89.85,16.48,46.99,87.88,19.90,59.06,81.03,52.18,55.61,54.02,87.74,50.66,22.79,82.39,48.18,25.63,81.27,47.08,24.33,80.32,48.83,23.82,62.40,64.91,38.78
2,2.06,2457,76.29,37.65,150.54,69.41,26.53,167.85,52.84,27.83,142.36,34.57,39.95,112.33,23.86,49.67,82.93,19.16,63.81,77.23,33.94,70.76,57.93,71.45,52.70,26.13,85.16,35.76,19.64,80.52,45.77,19.20,78.86,56.21,18.04,71.72,67.16,24.73
2,2.08,2460,79.06,34.10,159.71,72.05,24.50,169.59,53.22,27.79,142.26,38.51,39.10,113.72,24.09,48.94,82.96,20.23,60.34,76.42,33.09,68.99,60.15,66.44,53.39,26.63,83.30,40.22,19.61,78.71,46.19,18.81,79.08,59.02,17.51,72.74,73.38,24.05
2,2.10,2467,81.88,33.13,161.79,72.11,25.09,165.50,43.88,31.50,131.03,30.80,43.50,104.16,19.38,52.37,87.17,16.51,62.58,81.07,48.25,62.30,49.38,74.50,52.11,23.57,81.83,40.69,20.16,77.42,52.04,19.81,73.91,61.20,18.75,62.68,71.49,30.36
2,2.15,2473,83.46,29.25,170.64,63.21,25.87,154.39,36.37,36.04,118.17,27.28,46.49,98.58,17.86,53.93,86.17,16.73,64.27,79.49,60.97,54.00,39.99,72.72,56.98,24.63,80.14,45.57,20.63,74.22,53.13,20.92,71.35,61.50,20.35,60.74,72.97,33.16
2,2.05,2477,84.45,30.89,164.86,78.16,24.30,169.57,44.32,31.18,131.54,30.22,44.79,101.67,22.05,50.82,90.73,16.59,61.07,80.92,49.04,56.35,49.99,74.05,56.45,26.95,80.28,48.12,19.76,79.52,51.47,20.18,74.02,62.00,19.61,64.25,76.61,31.03
2,2.00,2483,84.78,30.71,166.73,79.03,23.91,170.75,44.29,30.58,132.07,30.61,45.21,100.86,22.12,51.11,91.36,16.95,60.79,80.07,43.44,58.56,54.28,71.98,58.14,28.02,76.18,50.46,20.30,80.83,51.80,20.09,75.57,56.78,18.73,64.60,73.70,29.55
2,1.95,2486,87.61,29.64,168.03,82.16,23.64,173.76,48.24,28.12,138.81,35.05,42.55,108.14,25.75,48.51,97.97,18.36,60.38,82.83,49.71,56.51,51.51,69.03,63.68,28.43,76.50,49.80,20.58,78.43,51.26,20.60,74.57,61.35,18.62,62.92,77.01,30.09
2,1.93,2491,88.30,27.16,177.67,71.42,22.97,165.04,44.54,31.66,129.20,34.14,44.37,107.83,27.16,49.71,100.07,20.87,63.74,82.03,62.67,59.46,38.65,71.60,57.11,23.74,80.27,50.31,18.62,81.29,53.62,18.85,76.06,59.76,17.91,63.36,78.12,29.88
2,1.90,2499,87.89,27.38,176.35,73.34,23.72,164.68,37.55,32.48,121.86,27.34,48.15,96.69,21.08,52.01,93.16,24.09,64.21,87.16,70.03,45.71,45.12,85.80,45.79,22.16,85.06,45.20,19.87,80.43,50.42,20.45,77.48,57.41,21.24,62.91,64.42,28.33
2,1.85,2501,89.75,26.05,179.86,73.54,23.10,166.06,39.25,32.38,123.07,29.06,48.13,99.25,25.47,48.74,99.49,25.27,64.69,88.08,73.31,47.91,41.46,84.33,48.27,22.66,82.42,47.47,20.66,78.73,52.06,21.86,77.81,56.71,21.64,63.01,70.58,29.90
2,1.80,2507,89.39,26.12,179.34,80.52,23.03,172.67,39.37,28.91,129.28,27.85,45.56,99.85,23.88,50.03,95.10,27.12,58.16,93.61,63.81,48.12,60.17,79.77,52.32,23.96,84.20,49.93,20.60,80.25,52.14,20.21,78.02,55.99,20.95,69.30,65.24,24.89
2,1.75,2514,86.46,25.20,178.69,56.83,24.80,147.56,25.08,38.44,105.53,17.83,49.36,90.49,20.40,53.56,92.59,40.80,58.00,82.82,88.67,36.12,54.54,86.22,48.28,22.58,87.83,49.65,19.38,83.72,53.60,18.79,81.62,55.32,16.52,73.28,68.12,20.18
2,1.67,2517,83.28,26.31,173.72,47.02,26.76,136.76,21.53,39.57,103.51,17.37,49.81,92.35,22.73,55.84,93.42,57.83,51.94,80.49,95.22,36.20,48.01,90.99,47.73,20.95,87.46,53.74,17.92,83.89,55.66,17.86,82.04,57.82,16.25,69.44,72.30,22.48
2,1.63,2522,80.25,34.58,156.61,46.61,29.51,132.35,24.37,37.55,111.86,18.25,47.66,96.14,23.80,51.66,98.74,39.34,64.89,74.01,96.04,34.50,51.10,93.85,41.30,27.67,90.24,51.58,16.97,87.34,56.44,15.95,84.64,59.50,14.96,74.78,75.35,17.38
2,1.63,2527,74.67,34.07,145.70,40.96,34.41,126.45,32.29,37.26,121.18,26.10,40.61,111.72,20.31,53.04,98.07,21.52,76.94,69.47,84.91,41.77,47.14,90.53,38.48,33.64,85.65,52.38,18.40,85.21,58.19,16.25,81.75,63.43,15.27,78.14,74.91,16.73
2,1.58,2533,86.40,33.17,134.99,38.73,34.90,125.41,41.77,31.72,130.39,35.37,32.57,124.84,32.70,41.87,113.59,30.52,59.85,102.70,69.16,52.03,59.87,96.78,36.15,36.37,89.97,49.01,19.54,86.89,56.68,16.98,90.47,62.22,14.66,84.68,74.68,15.86
2,1.61,2539,39.57,34.38,116.93,35.27,32.91,117.19,29.39,37.23,106.33,24.19,43.01,95.78,21.22,58.87,80.72,46.27,67.04,58.84,104.98,39.68,34.61,94.88,43.29,22.66,90.45,54.82,17.20,90.70,59.23,14.64,94.10,67.55,13.24,84.07,79.23,15.84
2,1.61,2546,52.23,30.03,131.55,42.41,30.97,124.60,34.34,37.86,108.42,29.24,45.71,96.92,20.65,60.29,76.92,39.12,66.21,60.73,99.53,40.51,32.90,93.64,37.20,23.60,91.80,47.61,17.76,86.99,53.02,16.39,90.75,65.13,14.41,82.54,80.33,17.74
2,1.61,2549,53.33,28.72,133.81,42.77,30.96,125.23,34.15,37.60,109.02,29.65,43.63,99.68,21.20,57.54,80.35,39.04,66.71,61.42,97.80,42.95,31.93,91.45,40.43,24.40,89.67,47.33,18.27,86.24,54.60,16.85,89.07,67.08,14.76,81.61,76.57,18.16
2,1.60,2555,45.23,30.13,125.42,35.90,32.96,115.50,26.19,40.24,97.62,22.46,44.53,91.34,18.73,57.30,75.69,38.81,66.76,61.59,97.34,47.98,30.34,93.61,40.13,22.69,89.90,48.51,17.87,88.25,56.40,16.32,93.20,66.21,14.49,83.95,80.86,16.46
2,1.58,2588,76.31,26.11,147.89,47.55,27.91,132.24,33.36,38.68,104.82,30.88,48.26,94.07,21.34,57.93,80.20,22.82,70.93,66.44,87.68,50.03,28.72,88.27,44.47,23.54,89.90,44.56,17.84,85.08,53.07,16.86,85.65,65.21,15.62,75.20,80.68,20.81
2,1.59,2593,73.09,26.42,146.27,47.19,27.88,131.61,33.97,38.13,106.31,31.89,45.89,97.16,21.68,55.96,79.97,23.57,69.66,67.41,89.97,50.39,27.44,93.28,41.67,22.73,89.33,47.32,17.48,84.77,54.53,16.58,83.28,65.23,14.85,77.04,82.45,19.35
2,1.61,2597,60.10,26.66,141.38,43.62,29.76,126.56,32.19,39.90,103.77,28.05,45.89,95.27,19.53,56.18,78.34,30.85,67.22,66.38,88.92,52.42,27.90,95.48,38.20,22.01,92.12,48.97,17.55,86.63,51.65,16.32,88.63,64.99,14.66,80.03,84.50,18.99
2,1.57,2603,83.59,33.04,132.61,42.03,30.08,125.86,32.61,36.76,108.23,28.29,43.05,97.70,23.71,48.77,88.40,21.69,65.74,79.33,76.20,61.84,38.18,97.76,40.49,24.25,90.10,47.27,17.60,87.89,55.37,16.21,89.28,64.68,14.18,84.03,81.38,17.17
2,1.57,2609,91.93,31.90,141.67,50.14,27.06,137.60,39.96,33.54,119.48,36.58,39.47,109.51,26.63,46.46,95.79,20.49,63.86,81.24,72.89,63.76,35.59,93.82,41.55,23.25,88.32,46.44,18.05,86.28,51.88,16.70,84.70,64.44,15.42,76.90,81.37,20.62
2,1.63,2614,68.94,26.26,147.08,49.31,27.31,135.29,38.62,36.42,113.65,36.49,42.97,106.01,22.48,54.42,83.36,32.79,64.93,72.54,90.06,51.19,30.81,92.76,39.03,22.34,90.26,49.33,17.89,83.67,54.71,16.69,88.91,66.90,15.25,78.94,82.61,20.17
2,1.69,2640,79.89,22.22,164.06,58.33,24.17,149.77,47.18,33.88,126.63,44.65,41.91,116.23,28.14,53.91,91.44,35.13,61.96,81.47,85.10,49.59,38.56,86.16,43.79,23.65,83.50,50.34,19.61,78.84,53.49,18.06,81.25,65.51,17.18,74.58,76.63,22.58
2,1.67,2645,80.82,22.93,161.52,56.90,24.48,147.78,45.16,34.07,124.13,42.69,42.35,113.58,31.63,52.29,94.41,36.45,61.95,76.87,88.37,47.62,36.57,84.42,42.81,23.13,83.09,50.33,19.65,77.80,52.69,18.35,83.23,63.69,17.04,73.24,77.53,23.86
2,1.69,2653,74.57,22.60,155.74,52.24,25.40,141.62,41.29,35.40,118.05,38.83,42.50,109.32,32.81,52.19,93.99,49.92,55.63,83.29,99.35,38.94,47.43,86.60,42.71,22.32,85.70,53.08,19.76,86.36,53.52,16.96,90.43,61.89,15.06,86.23,75.13,17.63
2,1.74,2659,60.76,22.26,152.93,47.89,28.20,134.38,41.61,36.45,117.36,38.58,42.82,109.01,33.81,54.13,95.37,60.20,52.92,78.78,97.37,39.52,40.01,87.87,42.55,21.48,86.29,53.06,19.03,86.71,54.86,16.34,92.76,64.44,14.99,86.36,79.31,17.93
2,1.78,2664,63.44,21.09,158.99,52.77,27.20,141.24,48.20,35.19,126.02,43.60,43.12,114.45,34.61,54.43,97.81,64.50,48.10,79.91,93.14,37.60,37.19,87.14,42.83,21.93,83.62,52.79,19.83,79.74,53.50,17.33,86.51,63.95,15.73,81.51,75.92,21.29
2,1.80,2668,81.27,17.57,180.70,72.51,21.57,170.15,58.70,32.40,141.68,45.95,45.88,115.06,58.84,34.13,142.55,49.47,51.08,109.40,87.74,36.55,73.52,72.61,52.57,27.16,70.98,58.30,22.59,67.80,60.06,21.77,72.24,61.82,21.59,72.46,71.32,25.57
2,1.75,2673,55.49,28.27,140.43,60.20,33.44,138.35,69.12,28.84,157.90,59.40,35.49,142.10,46.81,40.14,125.42,66.52,35.92,136.54,87.70,35.85,74.21,71.99,52.81,29.13,70.97,59.25,25.78,65.70,59.84,26.85,71.52,63.88,26.96,65.69,74.27,33.79
2,1.80,2677,72.79,26.15,159.32,72.54,25.30,163.37,66.24,31.21,151.56,46.13,42.41,123.79,55.08,35.00,138.09,71.66,34.15,129.98,88.98,37.34,69.24,75.76,51.10,27.51,74.18,57.97,23.47,68.93,56.85,23.32,72.95,63.17,24.47,71.03,70.66,27.97
2,1.67,2681,77.91,23.69,167.00,75.80,24.13,167.17,71.28,27.15,161.11,56.10,38.43,134.44,54.26,36.55,135.76,72.08,32.98,136.46,90.69,34.38,81.53,72.22,53.36,28.72,71.30,58.88,24.54,66.30,58.56,25.42,72.24,64.96,25.38,64.22,75.18,34.14
3,3.07,3028,78.23,35.14,147.12,77.26,36.98,126.49,99.33,68.15,27.83,105.07,78.37,20.71,104.58,90.01,17.41,104.17,93.62,16.30,104.24,96.15,15.95,93.59,87.50,19.77,71.12,56.43,31.68,81.58,32.87,37.75,72.73,24.22,41.37,62.13,33.71,40.95
3,3.11,3033,78.71,34.33,151.24,78.90,38.39,119.99,100.39,67.23,28.18,104.67,78.20,20.12,104.39,87.65,16.92,104.34,91.25,15.90,103.74,97.76,15.81,95.91,85.22,18.49,72.43,57.16,31.94,80.13,35.83,39.75,67.54,27.67,42.75,65.84,34.25,40.56
3,3.18,3052,76.16,40.16,134.20,86.33,46.75,76.31,80.79,61.50,38.23,84.28,66.93,31.94,86.00,62.11,27.66,89.38,65.83,21.41,94.04,68.39,16.62,78.46,68.04,19.60,77.83,39.08,35.62,67.39,32.31,42.68,57.24,29.62,43.16,67.74,30.89,41.55
3,15.62,3069,18.43,92.63,67.10,18.33,91.00,72.04,20.60,88.78,70.54,43.35,73.00,51.93,57.78,68.35,40.21,63.62,69.22,36.09,47.60,76.23,38.90,20.80,107.51,50.73,24.47,112.60,42.51,49.35,98.07,42.14,60.72,87.27,15.80,65.99,72.57,13.10
3,3.38,3131,59.86,49.33,103.80,32.87,78.85,55.78,76.59,73.89,36.98,96.35,73.61,23.99,103.32,81.34,15.77,96.90,82.41,17.96,83.89,91.30,26.08,84.13,97.42,26.15,78.07,58.10,34.40,61.97,45.26,43.91,48.57,45.48,52.13,40.79,51.92,53.64
3,3.38,3136,60.12,42.29,123.18,41.10,76.34,51.75,90.20,68.38,28.27,100.50,76.60,19.81,103.33,83.60,16.33,101.65,88.52,15.11,100.55,89.37,15.38,98.92,80.21,16.88,90.44,41.47,27.98,71.66,34.67,38.28,58.45,35.36,42.91,51.85,42.16,47.12
3,3.38,3145,65.49,40.49,128.69,55.33,73.83,54.50,93.76,66.48,31.30,103.49,76.14,19.60,103.94,78.87,16.55,100.80,80.26,16.61,99.71,81.73,17.13,86.26,78.82,20.86,86.11,44.47,31.29,63.94,41.40,48.41,52.03,43.59,52.19,53.66,45.32,49.69
3,3.22,3204,98.49,31.49,128.83,83.38,48.02,72.47,78.81,59.76,46.48,91.79,56.47,30.39,96.75,60.92,23.48,99.24,61.18,18.98,101.31,58.25,16.50,81.88,59.22,22.09,82.91,41.82,32.58,82.38,42.09,43.23,81.70,55.41,45.79,83.30,58.73,47.04
3,3.38,3221,83.78,31.48,129.09,51.73,67.01,66.81,70.86,61.16,51.58,78.15,62.83,42.65,78.07,64.89,39.57,79.72,67.75,36.22,81.02,68.69,31.01,83.97,70.50,26.20,77.36,66.32,26.66,53.29,50.07,45.45,66.01,58.25,48.49,70.66,65.27,46.69
3,3.60,3239,37.79,78.04,36.63,65.04,57.72,27.33,72.66,63.04,22.70,76.73,62.84,19.71,76.90,64.03,19.83,76.26,71.18,20.12,76.44,73.24,24.39,91.34,62.04,19.53,72.49,55.20,25.74,58.69,57.30,46.24,48.83,59.03,56.89,48.72,65.13,55.27
3,3.45,3247,34.84,86.07,36.81,64.50,67.86,27.24,82.67,71.53,22.34,91.78,71.82,16.24,95.65,79.28,13.54,96.66,79.98,12.63,98.06,83.59,11.94,82.24,81.81,17.60,83.16,58.05,25.99,67.17,47.01,43.33,55.28,54.31,52.79,55.41,57.68,48.77
3,3.51,3251,38.53,82.32,35.32,70.00,69.09,26.01,85.62,74.41,22.14,93.51,78.57,15.91,97.88,85.10,13.26,98.68,91.08,11.71,98.67,95.99,11.60,91.74,82.24,14.57,70.02,72.14,21.64,69.62,44.56,36.98,58.65,48.86,45.81,54.89,56.07,47.36
3,3.07,3262,37.91,71.76,39.99,64.13,67.08,27.98,89.63,79.04,24.19,93.56,80.56,19.46,93.38,90.11,17.69,96.07,91.10,15.24,99.08,90.62,14.00,85.27,92.17,19.66,77.34,66.43,24.84,83.11,39.24,30.95,66.22,37.04,39.48,51.49,40.16,38.86
3,2.69,3275,90.45,28.12,156.76,65.48,45.36,101.72,92.06,70.94,36.42,99.66,82.16,21.23,102.71,90.88,17.17,104.08,97.05,15.67,103.35,110.12,15.87,101.23,101.50,20.86,77.44,72.41,29.43,75.03,36.05,32.90,58.40,36.68,41.37,53.46,40.26,45.44
3,2.34,3290,90.50,26.45,151.20,88.20,33.94,130.31,105.72,70.06,42.99,100.17,82.82,25.28,84.77,92.05,25.04,85.86,102.44,20.08,99.02,104.65,15.98,98.29,67.56,21.05,86.19,30.15,31.43,78.07,26.26,37.46,74.37,29.58,37.79,63.89,35.04,39.27
3,2.42,3293,93.24,24.31,163.58,100.21,49.86,90.26,105.23,67.82,60.38,84.59,77.16,42.48,76.45,90.38,23.92,86.18,101.81,19.88,93.34,97.60,17.91,89.98,45.26,27.27,84.44,32.09,32.31,70.05,26.65,34.95,68.55,31.83,37.12,57.68,38.04,40.26
3,1.87,3317,88.26,32.13,127.04,86.94,38.59,113.83,103.42,56.35,57.78,103.79,73.40,31.19,103.72,84.46,22.08,104.88,91.24,22.29,91.19,85.82,28.32,78.12,52.90,35.65,91.33,37.79,36.40,80.06,39.99,35.82,79.43,37.97,35.11,78.53,41.02,34.67
3,1.93,3328,93.92,31.98,130.43,106.75,31.84,128.44,106.45,38.08,107.10,105.54,44.51,87.22,103.20,54.40,61.70,95.96,65.97,35.72,79.67,69.64,36.56,80.01,44.06,39.66,72.54,43.63,46.68,70.39,37.38,41.96,78.69,29.82,34.00,77.19,41.54,39.39
3,1.93,3333,88.75,32.83,130.81,108.78,33.62,120.34,107.50,41.23,96.56,106.31,46.91,82.59,104.65,59.48,49.76,105.25,62.16,41.40,84.95,68.37,31.92,78.17,51.96,41.35,69.24,51.09,48.91,65.66,45.63,51.08,75.95,37.30,43.10,84.60,38.00,36.83
3,1.94,3340,91.58,33.93,125.29,109.49,35.34,111.52,109.23,45.30,85.10,108.12,50.42,70.81,107.10,54.76,65.54,106.70,55.37,48.65,86.05,60.07,25.09,84.87,35.65,34.51,77.89,44.13,41.69,78.22,56.20,44.82,78.30,58.68,49.98,72.98,56.63,54.57
3,1.90,3344,101.87,29.94,128.39,104.00,34.29,114.50,109.87,42.42,94.77,108.65,50.36,70.99,107.45,55.97,60.48,107.89,56.72,53.25,89.63,64.62,29.15,81.27,32.38,26.45,79.83,37.92,35.44,81.73,48.61,38.88,90.85,48.27,36.50,81.78,59.24,43.55
3,2.01,3349,98.91,29.08,142.30,111.95,28.54,141.91,109.96,37.27,116.00,108.52,43.79,98.65,108.57,47.29,86.52,102.48,54.61,66.24,79.97,71.21,35.56,73.32,43.41,34.42,80.34,35.91,35.98,86.48,41.99,35.11,88.18,42.38,34.94,94.11,48.62,36.17
3,2.02,3355,97.88,31.84,126.72,110.09,36.44,116.56,108.76,48.64,79.97,108.24,57.63,56.25,107.90,64.74,39.33,107.45,66.17,23.54,100.38,65.16,18.19,82.87,43.77,24.68,77.98,41.78,37.97,82.08,45.13,39.64,85.58,52.61,40.83,79.16,61.46,51.14
3,2.10,3361,101.21,32.35,123.43,109.10,48.30,75.38,108.58,62.45,41.45,107.62,74.75,21.43,106.61,77.06,17.93,106.51,71.47,17.25,103.06,66.10,15.73,87.10,39.83,24.08,75.11,42.44,40.73,83.75,42.97,37.15,84.62,48.79,40.28,68.91,66.47,57.04
3,2.26,3368,108.90,25.85,147.20,109.59,41.14,100.00,107.79,56.41,69.36,107.50,66.43,43.60,105.36,66.89,30.20,92.95,68.77,26.49,84.34,67.61,26.62,74.35,55.91,37.21,64.85,51.20,44.98,76.28,50.29,36.76,78.05,55.65,40.81,66.83,63.63,55.59
3,2.32,3375,111.68,23.34,162.38,109.59,39.31,101.86,109.09,50.94,74.03,108.66,58.08,54.65,104.28,64.83,37.32,93.78,71.36,25.94,101.80,68.72,16.36,91.75,59.46,19.93,78.79,36.91,27.67,90.09,39.53,26.04,79.96,62.77,41.18,62.90,70.08,61.02
3,2.50,3381,112.33,24.81,147.24,110.10,41.32,92.37,108.42,49.35,74.48,109.53,53.73,61.62,86.00,68.83,33.50,90.59,66.16,26.62,100.19,65.48,15.33,86.35,63.45,24.49,70.66,36.49,31.56,91.39,39.52,30.78,75.42,59.33,49.59,65.46,72.74,56.12
3,2.56,3388,111.53,24.44,157.36,109.19,27.52,131.94,108.08,48.20,68.55,104.74,59.29,42.39,102.45,65.36,22.16,105.98,67.26,16.34,103.24,67.40,15.20,96.41,66.04,15.33,59.46,54.88,35.24,63.50,51.07,47.20,60.89,63.08,57.23,55.41,70.03,64.75
3,2.76,3395,107.45,25.17,153.89,105.53,26.22,139.69,108.95,39.88,87.90,85.34,68.45,37.24,93.44,64.43,28.35,101.58,65.65,18.56,90.35,66.88,24.21,81.57,70.28,28.42,62.61,56.74,34.41,64.11,48.65,42.59,61.02,66.00,51.95,60.24,67.52,60.78
3,2.85,3399,102.45,25.31,151.62,105.98,27.68,128.79,101.53,47.86,70.98,86.52,67.97,38.18,89.90,66.36,30.05,92.78,67.47,24.52,90.13,68.94,22.58,87.42,68.07,21.21,68.77,47.22,24.52,73.28,36.97,32.26,71.37,62.65,43.11,65.60,66.90,55.11
3,2.98,3405,95.41,29.85,137.42,104.36,29.15,115.03,97.76,55.13,42.23,96.35,62.43,29.65,105.60,58.39,19.66,100.32,60.00,18.66,94.16,67.93,21.50,92.96,69.98,17.03,70.16,41.79,24.32,70.37,34.62,31.74,84.86,51.36,37.22,77.29,59.57,45.33
3,3.43,3423,70.81,43.65,104.09,49.87,67.58,63.56,84.03,53.15,39.54,96.29,52.60,26.11,92.79,57.51,25.10,90.12,58.47,23.59,92.13,59.96,21.92,94.48,61.08,17.72,82.29,52.27,22.48,59.69,47.76,49.19,60.98,57.22,55.36,60.46,60.69,56.00
3,3.62,3428,28.03,71.27,69.55,40.61,69.17,68.78,76.58,56.54,46.13,86.87,56.89,32.71,92.11,53.55,25.65,93.47,56.45,21.24,96.24,57.40,18.71,97.42,61.72,14.92,89.39,59.10,19.25,63.66,49.00,45.44,61.72,57.99,57.02,60.27,62.78,56.59
3,3.98,3437,28.32,77.32,70.33,101.78,39.43,32.77,104.94,43.30,23.27,98.24,55.28,23.52,96.81,54.24,20.25,94.22,58.90,18.40,96.57,62.64,14.56,100.19,68.25,13.75,90.44,57.16,18.81,68.64,39.76,34.53,76.29,49.17,40.77,81.01,65.09,43.43
3,4.26,3448,40.32,69.85,59.97,50.70,63.23,54.05,89.95,49.27,29.13,99.95,51.94,18.77,102.91,54.62,16.07,101.98,58.15,14.82,99.26,62.81,13.93,97.99,69.29,12.52,94.25,65.16,12.29,69.19,45.87,25.25,78.09,42.57,34.91,83.41,53.72,37.04
3,4.43,3454,74.01,55.12,42.92,54.93,65.55,48.66,89.40,52.44,28.36,99.16,56.42,18.14,99.12,62.64,15.75,100.65,63.10,14.34,96.95,63.87,14.36,96.03,65.47,13.20,97.45,66.78,12.06,84.52,55.17,18.44,65.00,36.30,32.23,80.76,52.89,33.70
3,4.43,3461,83.23,43.44,36.11,58.73,58.64,41.32,68.39,54.64,38.02,80.74,58.76,29.56,85.25,61.88,26.71,86.07,59.02,21.83,89.43,61.41,18.58,93.21,60.00,14.82,96.68,64.63,13.17,76.15,54.93,24.40,53.62,56.24,52.82,52.66,67.26,54.63
3,4.49,3467,74.85,40.58,36.49,46.62,64.03,43.36,51.50,65.05,47.24,62.45,67.67,42.31,67.55,66.60,39.40,86.49,53.69,24.46,96.32,52.52,17.11,94.10,53.03,16.52,86.85,69.39,19.99,70.98,65.00,27.88,56.11,59.74,53.03,53.05,65.27,56.71
3,4.52,3472,57.69,50.19,37.86,34.87,78.46,46.78,55.33,62.18,38.50,69.22,65.45,33.50,73.16,64.93,32.16,93.72,57.72,18.76,92.93,64.57,15.10,94.99,65.73,14.77,75.73,70.41,22.94,75.63,57.62,27.41,56.34,56.21,53.25,50.48,62.23,53.33
3,4.65,3479,38.89,67.78,42.02,35.83,74.56,40.54,64.39,63.26,31.31,77.49,65.38,28.16,79.70,71.26,24.78,91.52,73.29,15.07,92.78,82.67,14.86,96.50,78.51,13.81,79.70,81.96,19.12,87.99,53.28,29.27,56.11,54.90,55.92,46.12,62.54,56.59
3,4.52,3488,40.93,67.79,35.08,31.96,81.07,40.42,63.70,64.68,27.00,87.23,68.50,23.62,91.50,81.15,17.71,96.14,84.61,14.30,97.27,92.12,13.26,96.14,86.03,13.15,81.06,84.34,17.78,79.50,53.29,32.54,62.25,52.78,53.28,54.75,55.07,52.43
3,4.40,3496,30.00,82.45,41.30,32.88,80.68,43.16,82.02,72.15,24.03,104.00,79.43,18.57,102.00,82.96,14.57,99.96,84.51,13.00,100.57,80.44,13.49,89.45,80.74,20.93,68.66,87.54,27.67,76.50,48.95,36.55,67.90,42.96,42.28,55.47,41.69,41.41
3,4.10,3504,38.14,74.30,34.38,31.23,86.21,39.11,66.85,70.98,29.27,100.83,79.26,19.41,102.70,85.86,15.02,100.23,93.70,13.10,100.77,95.74,12.80,100.29,89.92,14.09,85.18,87.65,21.87,78.04,47.72,31.46,77.00,36.62,41.86,61.44,34.63,43.70
3,3.84,3525,37.12,78.46,33.28,71.48,72.05,24.18,98.26,75.18,21.12,103.38,89.10,16.85,102.77,94.41,14.56,102.02,96.42,14.29,99.10,99.27,14.30,94.64,87.89,17.14,85.89,57.73,29.57,68.79,47.76,40.82,59.56,44.13,44.29,56.21,47.95,45.05
3,3.64,3526,32.75,86.22,38.50,48.39,71.46,29.97,91.73,71.08,22.47,104.38,78.97,18.41,103.99,86.76,15.51,103.18,90.83,14.47,98.86,95.49,14.21,83.73,104.53,18.47,90.64,58.88,29.30,72.76,42.59,42.38,65.06,41.85,45.71,59.93,42.63,46.05
3,3.56,3534,31.91,91.55,40.65,55.58,74.08,29.83,99.24,73.12,22.22,102.82,81.53,18.29,99.39,87.17,19.32,83.78,94.74,20.85,101.43,101.39,13.91,88.67,102.71,18.00,88.51,59.35,24.98,74.91,37.09,36.92,59.31,37.59,43.97,52.67,40.94,46.06
3,3.47,3538,33.83,83.60,46.42,73.73,73.25,27.77,103.15,77.75,22.02,104.95,85.46,17.26,104.18,88.65,15.98,104.20,92.83,16.05,83.72,101.59,21.74,74.75,99.34,23.53,90.55,40.46,31.04,76.73,29.67,36.95,60.51,26.17,40.87,56.14,32.56,41.21
3,3.14,3545,46.95,67.69,79.30,56.33,74.20,47.65,97.57,75.11,24.88,103.51,81.08,18.92,103.91,88.28,15.58,103.32,97.22,14.81,103.34,103.99,15.34,89.62,87.11,29.44,90.95,41.55,37.29,87.51,32.21,45.22,68.46,26.49,44.92,52.63,33.59,42.53
3,2.95,3551,58.78,48.61,108.19,54.14,62.51,78.29,93.50,71.14,30.62,104.11,81.10,20.27,104.16,87.33,16.44,103.33,97.76,14.64,103.61,109.14,15.02,95.24,98.35,22.83,84.55,50.83,32.60,81.52,33.46,43.72,64.53,30.10,45.94,57.12,37.85,47.61
3,2.76,3558,82.31,29.72,155.36,60.20,48.08,96.49,94.69,69.33,33.43,103.86,80.61,21.18,105.01,87.04,17.09,104.25,97.74,15.72,103.58,107.45,16.29,90.67,88.76,28.42,95.17,42.43,36.24,86.33,34.98,36.29,61.07,32.61,40.47,47.44,40.26,46.03
3,2.58,3565,87.88,26.20,162.24,80.84,30.56,143.16,97.86,61.93,44.36,105.22,75.90,22.16,104.95,82.13,18.21,102.80,91.67,16.87,88.13,105.49,20.39,88.93,73.41,26.13,89.03,37.89,36.96,81.43,38.47,35.42,64.77,36.97,39.40,52.35,44.44,46.62
3,2.60,3573,86.17,26.46,161.31,95.62,49.78,80.80,103.64,67.37,37.82,104.48,76.32,21.22,88.03,81.97,24.75,97.55,76.89,17.33,92.29,83.69,18.38,86.50,61.76,26.14,77.49,30.61,36.07,76.23,24.11,33.84,58.23,29.87,40.56,50.20,37.79,41.50
3,2.42,3579,81.73,26.12,161.43,94.22,47.52,87.21,103.49,69.48,35.05,102.36,77.30,21.40,101.25,80.49,19.28,99.48,82.16,16.73,89.88,87.96,19.01,88.12,58.94,33.76,92.03,31.62,38.68,74.74,25.18,38.13,54.26,29.54,37.95,49.52,40.74,37.85
1,2.79,3953,27.89,55.75,120.77,62.03,54.65,103.43,107.25,74.56,38.51,107.60,81.87,26.66,68.54,84.98,53.85,60.58,83.22,63.20,67.09,79.91,61.92,96.69,86.43,31.03,102.69,136.24,37.98,104.12,140.10,35.79,104.34,137.84,35.49,97.42,127.45,36.39
1,2.90,3959,41.92,49.57,125.50,96.72,54.15,95.00,105.77,65.65,58.91,96.76,71.75,52.43,60.24,75.71,76.18,65.03,65.36,82.53,68.02,63.45,85.24,71.05,71.06,77.12,71.53,100.02,78.86,87.97,105.36,33.96,101.60,103.39,27.53,79.84,95.17,41.22
1,2.86,3962,36.67,47.54,131.28,93.30,50.83,101.87,104.20,60.24,70.00,96.96,68.76,62.12,54.85,72.73,84.04,58.30,61.15,92.20,60.30,58.71,96.54,63.07,65.26,88.95,62.87,89.40,86.35,87.00,94.53,31.71,100.25,93.60,25.78,73.31,82.51,49.19
1,2.86,3965,36.10,46.95,132.47,89.18,50.62,103.25,98.79,59.23,72.10,89.46,68.71,64.34,52.80,70.94,85.92,57.27,57.33,97.68,58.61,57.01,99.61,60.43,63.74,92.46,60.34,86.36,88.86,84.08,89.79,31.79,98.54,90.74,25.45,72.50,79.96,49.03
1,2.86,3969,31.59,46.10,136.42,77.98,48.40,111.88,94.77,56.26,80.82,90.89,65.61,68.64,53.42,71.78,86.92,54.58,58.23,97.85,56.63,55.34,103.01,58.50,59.60,96.03,59.08,80.30,95.30,74.96,87.96,41.69,99.36,85.72,25.34,78.73,79.81,41.12
1,2.86,3974,35.96,46.87,133.00,88.39,49.87,106.51,98.90,58.18,74.81,93.08,66.46,67.41,53.39,71.59,88.22,55.56,60.79,94.88,58.35,56.60,99.98,60.39,63.42,92.82,60.34,85.28,89.58,84.85,90.98,32.23,99.50,90.03,25.42,72.35,79.18,49.77
1,2.89,3978,42.30,47.20,127.80,96.24,51.83,101.16,104.26,60.10,69.10,95.90,67.75,64.17,54.54,72.02,86.25,57.30,63.66,90.79,60.52,58.65,95.72,63.09,65.35,88.58,63.10,89.75,85.68,86.94,95.46,31.64,99.93,93.97,26.13,73.30,83.22,49.55
1,2.90,3981,42.61,47.69,128.10,97.98,52.35,100.21,105.14,60.95,68.21,99.63,68.21,62.52,57.86,72.12,82.99,57.21,67.16,87.68,61.63,59.98,94.02,64.18,67.43,87.08,64.59,91.30,86.85,84.43,96.47,34.69,100.26,97.21,26.50,76.16,86.28,46.30
1,2.94,3985,39.51,48.63,128.03,97.11,53.28,99.46,105.19,62.13,66.03,102.17,69.74,58.52,62.01,72.99,75.23,59.31,72.16,81.15,63.83,62.14,89.14,67.19,66.50,82.40,67.71,93.55,83.65,84.30,101.26,36.52,101.00,98.67,27.05,81.54,91.87,40.34
1,2.94,3990,50.54,48.34,122.71,102.48,56.27,86.30,105.68,66.72,61.31,95.95,71.86,55.62,58.68,73.98,78.39,61.65,69.96,81.74,64.97,65.86,83.97,68.84,74.54,81.23,68.92,99.33,76.46,93.23,101.96,30.51,100.68,102.78,27.44,75.61,91.66,46.10
1,2.90,3994,38.38,48.97,128.30,97.90,55.11,90.23,105.94,65.24,61.58,101.45,71.46,56.84,62.89,72.34,75.12,63.15,70.94,79.77,65.72,67.66,82.08,70.02,74.03,79.67,71.06,99.29,82.31,86.19,104.00,36.11,101.12,101.41,28.12,79.10,93.79,41.33
1,2.86,3998,32.49,49.95,132.77,93.46,53.20,93.61,106.02,64.06,65.05,104.79,70.19,61.23,67.79,69.33,75.56,63.88,71.64,79.25,67.87,70.04,78.21,72.32,76.58,76.45,75.03,104.36,78.76,89.51,111.36,36.10,101.26,106.70,29.43,79.22,97.41,43.87
1,2.90,4002,40.74,49.52,125.79,97.73,54.34,92.10,105.91,64.46,61.90,102.07,71.15,57.90,70.27,68.44,73.26,62.72,70.19,81.98,68.80,72.75,75.98,72.29,78.30,75.34,74.81,104.11,77.88,89.81,111.66,35.75,101.86,112.59,30.01,81.66,103.10,44.41
1,2.73,4006,33.73,46.19,131.03,56.08,50.42,114.47,101.64,53.21,92.50,101.39,61.27,66.61,83.71,69.18,72.09,63.08,67.81,83.40,62.74,68.31,83.24,67.27,74.20,77.53,70.58,99.97,80.69,81.59,106.67,46.31,102.48,111.48,31.13,89.66,110.83,39.80
1,2.74,4011,41.62,47.21,117.82,59.81,56.00,104.55,102.56,52.26,85.76,89.87,60.72,77.57,74.38,65.06,82.74,62.66,67.20,86.74,61.65,71.38,80.57,77.59,87.43,65.29,73.66,109.42,74.95,85.91,106.68,45.59,102.22,109.03,33.11,89.16,107.07,40.77
1,2.79,4021,56.85,47.52,102.11,69.78,49.77,98.70,97.00,61.03,65.42,84.19,72.21,60.22,72.68,77.77,58.97,74.81,76.43,58.56,80.40,71.48,63.01,89.71,91.03,51.07,93.24,117.42,51.99,96.96,129.14,41.73,104.78,137.57,36.67,102.47,141.98,39.57
1,2.82,4023,49.42,47.52,112.41,71.78,49.88,97.09,88.86,62.12,64.20,76.27,71.37,60.20,70.21,77.27,60.59,70.69,77.47,61.62,77.16,69.87,67.90,83.31,87.33,61.14,87.06,110.60,59.27,93.61,125.24,41.06,103.88,132.00,34.49,97.71,133.04,40.18
1,2.76,4028,49.76,43.90,120.45,58.90,46.97,113.21,78.13,59.60,79.26,77.84,65.21,67.72,65.45,74.06,72.20,63.98,77.22,71.47,67.76,74.29,73.24,71.69,77.68,73.96,75.45,96.73,75.01,79.90,108.88,53.45,103.73,115.38,30.88,91.52,112.90,35.76
1,2.72,4033,53.24,44.06,117.40,56.61,46.05,114.06,88.60,62.17,72.08,89.02,69.35,56.06,70.05,74.78,63.59,65.85,79.32,66.25,69.62,78.22,67.05,72.90,73.56,72.43,73.87,89.98,75.31,77.13,102.61,54.77,102.96,107.90,29.78,82.75,92.94,37.84
1,2.82,4037,50.86,45.10,119.07,73.01,49.35,101.27,98.29,65.99,62.48,95.77,72.96,48.49,75.01,77.37,59.49,64.58,80.25,64.24,68.61,78.40,66.42,70.62,77.39,69.20,70.34,90.53,74.96,78.16,97.81,48.58,101.78,103.46,29.06,79.37,88.49,39.21
1,2.84,4043,53.34,45.19,115.21,72.43,46.92,103.63,106.74,65.39,62.01,104.94,73.06,49.21,77.70,77.40,59.65,65.99,79.72,66.62,70.28,80.88,65.79,72.24,76.81,67.87,74.25,91.40,68.98,77.03,100.33,50.98,101.79,105.61,30.08,87.38,91.23,39.98
1,2.92,4047,52.62,45.48,115.10,88.43,51.29,89.01,106.08,69.66,55.77,100.45,74.95,48.88,71.92,76.67,63.96,66.72,79.14,63.74,69.76,80.93,62.21,74.70,80.12,60.37,81.24,100.11,57.68,86.21,112.04,43.01,103.15,116.11,30.17,94.12,117.23,39.59
1,3.11,4053,73.37,46.54,100.98,91.59,61.34,81.85,98.17,69.10,58.97,84.31,70.72,59.56,62.04,75.04,75.00,65.64,77.75,69.10,71.26,79.17,65.29,79.64,84.82,57.65,87.21,104.73,51.27,95.22,119.60,37.11,103.06,122.42,33.61,94.10,112.42,36.07
1,3.11,4056,72.47,47.29,97.73,87.13,59.69,87.28,97.04,68.71,59.89,91.44,71.99,53.83,63.72,77.00,70.22,67.11,79.10,63.32,73.67,84.98,57.86,83.49,84.19,52.02,91.39,106.08,48.37,97.14,123.93,38.60,103.31,130.76,35.93,100.49,124.48,37.02
1,3.18,4065,68.04,50.90,101.06,74.74,55.14,96.55,86.04,71.62,63.13,91.32,77.70,48.99,78.45,82.94,49.52,75.76,86.12,45.37,78.05,86.69,43.97,84.36,82.52,47.19,89.84,99.09,45.75,97.09,123.24,36.32,103.85,129.01,32.39,98.74,120.28,32.56
1,3.22,4070,60.62,49.63,99.76,67.38,54.60,95.27,86.70,75.33,62.32,96.07,81.67,44.02,84.65,84.72,43.79,78.08,85.32,45.47,82.87,87.55,45.87,87.77,84.85,49.97,89.83,97.63,46.44,97.82,115.76,41.32,101.60,124.86,36.91,102.60,133.28,35.11
1,3.18,4074,60.60,49.78,96.23,62.35,48.49,96.41,86.04,67.47,64.39,92.65,78.72,47.83,91.18,82.09,43.20,74.88,80.76,50.93,77.17,86.00,48.66,82.28,80.97,54.43,83.84,87.48,54.72,87.39,103.16,52.09,93.18,112.51,48.61,93.08,120.31,48.63
1,3.35,4078,63.31,47.92,93.63,59.23,50.16,101.29,84.13,68.80,68.05,92.68,79.33,48.79,95.49,84.93,36.45,79.91,83.27,40.91,80.42,86.55,44.85,85.91,81.46,52.53,85.30,87.61,49.55,94.80,105.56,38.54,99.97,115.73,37.30,100.07,121.08,36.38
1,3.47,4084,63.42,48.88,97.51,58.74,53.67,97.29,78.75,66.56,73.50,81.62,73.11,64.20,82.21,76.20,56.67,74.29,78.47,58.30,74.92,81.31,56.00,76.09,77.34,60.21,75.78,81.46,57.30,91.46,98.56,44.26,97.00,112.47,39.56,97.77,121.55,34.73
1,3.56,4089,64.97,48.85,106.75,57.32,55.09,104.87,74.80,63.50,83.08,81.98,72.73,64.01,87.38,76.37,53.79,73.78,76.28,57.27,72.18,78.29,57.58,77.75,75.76,60.54,79.52,78.83,52.41,93.79,94.42,41.56,95.20,108.01,43.24,96.61,116.69,40.09
1,3.49,4091,70.55,48.43,105.62,64.03,55.88,102.94,74.75,59.25,86.40,82.06,71.86,65.14,85.87,73.97,56.52,77.20,76.64,57.91,74.61,79.47,56.65,78.73,79.15,56.58,81.77,81.27,49.95,95.77,93.45,38.03,96.24,109.57,41.06,97.33,115.70,39.66
1,3.62,4095,79.31,46.89,95.93,73.15,55.36,96.21,72.68,56.54,87.82,78.29,67.46,71.13,78.01,67.26,65.05,64.24,75.42,69.72,68.69,81.71,60.11,74.99,78.87,58.93,83.19,80.61,42.02,95.98,94.66,31.92,95.24,104.21,35.93,94.22,103.84,39.02
1,3.98,4102,96.69,56.16,81.74,50.81,49.47,107.61,64.33,57.89,91.46,70.88,59.55,77.91,58.97,65.02,82.72,55.58,67.97,83.83,56.97,69.24,81.67,62.37,76.37,75.21,75.12,87.52,41.94,97.28,100.38,29.79,101.65,115.90,31.53,95.97,117.66,34.09
1,4.18,4109,56.02,49.93,106.84,56.48,53.66,104.34,68.47,58.79,83.45,69.17,61.88,78.23,55.47,66.23,83.28,58.16,70.47,78.34,60.49,70.35,78.70,62.03,73.72,66.02,77.74,94.19,37.63,104.25,104.32,31.01,103.32,118.62,32.67,102.24,115.87,30.70
1,3.90,4115,58.79,45.27,103.38,33.56,55.85,118.95,59.54,56.00,94.86,72.38,59.67,75.66,71.87,61.12,70.06,57.49,68.99,78.53,57.32,73.31,74.77,58.52,78.49,68.24,74.92,85.39,40.46,87.64,98.27,32.66,103.40,118.44,32.63,96.67,121.93,38.93
1,4.02,4118,36.17,54.69,113.91,34.90,56.74,115.30,63.65,57.29,89.03,73.09,62.01,75.71,69.33,63.25,70.35,55.95,69.90,75.24,56.96,73.32,72.70,57.36,77.90,62.83,77.03,87.00,38.38,85.35,102.59,34.66,101.90,118.91,33.04,99.70,126.93,38.90
1,3.95,4126,42.15,59.28,98.16,36.95,55.09,109.43,71.83,60.08,77.17,83.56,65.70,59.90,73.00,64.10,59.48,54.48,74.58,70.91,56.85,81.17,66.31,71.54,85.36,50.94,98.70,91.07,26.05,105.25,118.24,28.76,102.07,122.29,31.82,84.80,116.55,50.70
1,4.05,4130,42.77,63.21,102.80,49.37,56.30,98.67,82.57,66.92,60.70,93.84,70.45,44.95,71.94,73.68,54.75,58.64,82.70,61.68,61.33,90.42,53.72,85.00,90.12,37.29,103.57,100.83,23.27,106.35,127.96,29.67,104.45,135.64,32.45,100.45,140.69,38.95
1,3.95,4135,51.65,58.71,97.02,33.94,56.04,109.45,78.88,65.14,65.06,96.02,75.22,40.80,82.66,75.18,43.70,65.75,80.80,54.96,64.64,85.61,54.75,66.39,83.79,49.74,77.45,96.72,40.82,102.59,123.00,29.89,104.44,141.20,31.72,102.87,141.97,34.94
1,4.07,4141,35.58,59.71,108.83,58.64,59.15,85.26,96.88,74.42,41.15,101.35,82.19,30.15,78.50,85.82,44.09,73.48,86.76,50.00,76.29,84.66,52.83,74.37,88.31,47.16,78.35,103.12,43.35,102.41,124.15,34.33,99.60,124.16,35.76,90.76,119.33,40.32
1,3.98,4147,29.23,58.44,113.86,56.86,58.21,87.81,102.20,78.65,34.81,105.68,83.85,24.77,91.45,87.52,32.01,75.99,85.73,47.00,77.20,86.66,50.73,78.49,91.33,44.51,82.85,116.53,49.25,100.62,126.36,38.03,99.03,126.25,39.47,89.70,104.86,44.92
1,3.88,4151,31.32,57.01,112.61,53.98,57.36,92.19,99.37,77.70,37.43,105.43,86.54,24.60,90.46,87.82,34.95,75.83,82.74,53.89,76.15,85.42,54.71,74.29,88.56,47.50,81.14,106.94,42.19,102.51,121.81,32.92,96.06,115.92,35.47,86.15,97.82,48.11
1,3.71,4156,53.48,58.45,112.84,37.47,50.23,110.41,86.15,68.14,58.25,96.35,79.05,36.37,97.32,86.05,31.55,69.14,87.90,53.12,72.14,86.45,54.00,74.30,85.22,51.80,83.70,98.51,39.80,94.82,114.56,34.39,93.30,103.96,32.32,80.00,98.39,47.33
1,3.58,4161,61.56,60.42,106.84,53.03,52.40,100.55,91.21,71.32,51.35,98.78,81.61,33.44,92.78,83.90,32.33,69.93,86.73,54.09,72.96,82.45,55.77,77.08,86.63,53.69,80.35,107.25,43.37,99.70,118.58,30.84,98.92,119.41,30.65,84.22,107.20,42.58
1,3.49,4167,62.14,60.17,108.44,69.73,54.51,94.93,92.32,73.29,50.02,95.80,81.92,37.73,84.24,85.75,40.26,69.29,86.45,57.32,71.86,79.45,61.62,69.07,86.24,59.66,93.11,114.00,32.01,104.06,130.07,31.02,99.92,124.44,32.42,79.90,112.10,44.22
1,3.42,4171,61.76,55.58,103.92,73.23,52.86,95.23,87.61,70.80,55.63,93.27,80.63,41.78,83.31,82.83,44.03,67.63,86.29,59.30,72.38,81.78,58.60,74.32,85.19,56.89,91.32,111.78,32.37,104.11,129.88,31.15,102.02,129.92,32.42,83.74,114.20,43.88
1,3.22,4179,57.82,54.83,105.93,70.91,55.36,93.05,93.31,73.05,49.80,99.07,86.17,34.05,88.81,90.02,34.17,73.83,83.82,53.86,79.92,80.43,54.60,85.95,90.81,48.37,90.17,117.40,39.68,103.49,127.95,29.04,101.07,122.82,28.73,79.91,98.39,53.02
1,3.18,4181,54.94,55.65,110.28,67.87,53.00,89.63,94.65,73.30,50.93,96.46,84.52,37.88,85.03,88.53,38.27,72.18,78.11,59.30,77.53,73.91,62.16,83.27,83.42,53.14,86.86,119.31,45.21,103.45,127.22,29.36,102.70,124.92,29.43,85.50,114.12,39.90
1,2.94,4187,48.33,47.92,93.99,62.93,44.18,95.13,87.58,65.51,63.84,86.99,74.11,55.44,65.75,80.10,66.72,57.89,66.16,79.38,64.04,62.94,82.07,67.12,69.99,77.06,65.91,90.77,70.71,90.55,97.27,39.10,93.14,102.45,38.21,71.09,89.12,52.27
1,2.94,4191,45.95,46.81,88.28,70.69,45.44,84.66,93.65,68.61,56.38,88.00,75.18,55.55,60.83,79.68,70.40,59.76,62.65,78.37,60.79,60.14,85.38,62.36,65.03,81.16,64.01,82.19,71.74,86.83,87.43,39.87,91.54,91.64,37.97,69.42,78.14,57.79
1,2.89,4196,44.85,48.15,86.00,77.04,48.75,77.72,96.02,69.40,55.34,90.79,74.32,54.90,61.60,76.54,71.15,57.84,71.85,74.48,60.41,61.66,84.19,61.70,66.51,81.22,66.20,82.93,70.42,89.19,89.10,38.21,96.01,90.16,31.45,73.05,75.93,52.15
1,2.82,4201,34.14,48.89,88.50,83.35,54.19,63.24,100.88,71.46,48.03,97.59,78.04,50.09,63.75,76.68,69.28,60.24,75.14,72.73,61.51,68.02,78.04,65.12,79.14,77.00,72.22,98.64,66.31,92.39,104.78,33.38,99.43,105.26,28.09,76.55,87.46,48.02
1,2.61,4210,29.85,52.10,101.62,55.81,55.26,75.18,99.94,72.85,48.22,103.71,83.87,41.22,77.43,82.47,58.14,68.84,77.00,66.02,70.85,76.94,65.92,73.13,90.28,67.96,75.26,104.39,72.41,82.90,108.80,43.33,97.53,103.77,30.52,79.37,89.23,46.13
1,2.54,4212,31.28,50.68,99.25,41.23,52.61,86.56,94.11,68.80,49.56,104.19,81.42,42.98,82.53,82.91,56.14,65.99,77.33,67.24,69.02,75.11,67.57,70.34,84.83,69.71,73.83,99.93,71.51,81.97,105.08,44.52,98.26,105.19,30.79,82.30,92.43,44.07
1,2.44,4218,26.89,49.08,103.77,48.71,53.64,86.34,89.89,71.20,56.04,101.89,79.81,48.73,79.72,80.93,64.44,68.66,78.67,65.85,66.46,72.98,70.91,67.79,85.67,78.42,68.68,96.20,74.52,76.21,98.21,52.04,97.55,101.96,33.24,83.78,93.32,41.72
1,2.42,4223,27.67,48.91,105.55,62.69,60.29,80.66,87.73,75.78,56.63,98.22,82.85,50.82,81.51,80.18,63.68,75.37,77.89,62.91,70.02,76.65,66.00,73.44,99.73,77.07,75.93,108.70,69.81,81.35,109.86,56.09,92.70,104.80,45.06,80.96,93.10,48.21
1,2.36,4227,28.64,50.08,100.58,64.41,62.02,75.69,85.65,77.14,54.15,97.95,84.12,46.25,81.81,82.03,60.49,79.90,82.29,58.73,74.21,78.76,60.31,76.38,98.82,71.19,79.45,113.13,64.35,85.42,112.33,53.08,90.35,104.27,50.78,81.51,94.91,50.39
1,2.24,4237,40.88,49.84,104.99,53.28,52.75,95.84,75.97,66.09,67.96,76.56,73.18,49.44,77.75,75.29,52.03,70.06,79.78,62.85,68.86,85.43,59.80,78.08,101.20,55.66,86.59,119.02,54.74,89.32,122.40,49.64,98.01,118.63,33.65,90.85,105.92,41.71
1,2.26,4243,37.09,55.80,108.03,68.84,55.69,83.36,87.73,64.85,56.20,73.66,74.20,58.05,69.71,73.41,65.14,65.19,74.06,70.66,62.79,73.45,72.03,74.62,97.20,70.75,81.62,111.96,67.07,83.93,116.17,61.45,91.71,122.59,47.97,96.13,126.39,39.56
1,2.23,4245,35.77,56.01,113.83,63.05,55.65,90.97,79.56,62.23,67.39,67.87,72.16,68.40,67.66,71.31,69.03,65.85,74.07,70.26,61.45,77.46,71.29,74.77,98.88,70.43,80.36,111.31,71.20,81.53,113.84,62.70,90.57,114.41,45.12,94.14,125.08,39.58
1,2.16,4250,63.44,55.90,96.36,63.78,63.01,80.29,81.22,59.11,72.11,63.53,73.66,73.48,64.26,73.25,71.70,69.51,77.85,65.08,68.06,86.67,61.85,75.27,105.16,52.35,89.56,120.04,60.29,84.26,116.53,68.81,93.90,117.71,41.46,97.77,118.39,34.93
1,2.14,4255,65.73,56.91,95.37,67.24,58.73,83.22,77.45,56.67,77.18,56.50,72.37,80.76,71.69,74.01,71.21,78.70,75.83,62.44,75.06,83.08,61.75,73.94,107.58,61.90,90.76,120.15,59.79,88.00,121.54,62.86,98.63,129.03,42.13,102.07,135.12,39.10
1,2.08,4260,66.66,54.50,93.08,77.53,53.68,83.87,79.79,58.21,70.03,59.16,75.31,75.57,71.81,80.66,62.21,83.84,84.16,47.93,89.03,86.38,42.56,87.11,111.84,46.07,86.38,113.34,66.15,84.17,113.58,67.91,94.19,124.92,44.47,100.04,124.80,37.62
1,2.08,4265,60.38,53.71,98.49,78.13,52.24,89.86,87.45,60.86,60.48,68.48,77.25,62.21,76.27,83.60,49.63,87.80,87.26,38.96,94.61,79.20,44.98,89.22,102.02,56.63,83.69,110.14,71.81,80.50,108.34,73.47,92.73,121.33,46.29,100.66,121.20,37.75
1,2.17,4273,54.52,51.43,107.31,64.08,53.95,95.80,71.47,53.48,85.43,57.14,68.03,82.81,76.88,72.26,65.03,81.81,76.69,54.89,85.28,79.59,49.20,82.34,105.36,51.34,78.52,104.95,77.95,79.10,108.54,75.61,94.05,120.23,44.60,102.34,133.57,40.49
1,2.19,4274,53.87,52.27,106.79,65.06,53.46,93.24,71.24,53.91,84.22,58.95,68.29,81.04,75.41,72.78,66.73,80.88,76.43,56.23,83.43,81.27,51.74,81.23,105.73,53.20,81.32,107.26,75.78,81.68,112.71,72.17,96.11,124.64,44.53,102.77,135.27,41.18
1,2.21,4280,69.76,46.57,102.12,53.56,58.93,97.00,76.94,52.26,81.12,58.19,68.37,80.22,63.17,72.10,71.01,72.63,74.41,60.45,75.03,80.00,57.10,88.05,109.13,47.94,92.70,120.18,65.28,82.59,109.91,72.47,94.08,113.09,42.47,100.63,121.34,39.29
1,2.28,4285,44.81,55.62,114.18,61.59,53.47,97.81,73.80,55.03,83.58,55.60,68.50,86.93,58.76,71.58,79.99,66.22,73.00,70.91,70.96,84.07,61.99,89.78,110.80,50.74,92.52,120.07,59.62,90.41,121.26,57.88,101.28,128.54,39.71,102.15,129.84,35.77
1,2.36,4291,44.82,57.19,114.07,66.28,51.08,101.40,75.09,57.02,82.40,66.06,68.03,79.34,71.82,69.37,73.89,73.24,72.57,68.06,64.55,78.95,70.25,75.02,95.01,54.96,89.91,110.54,53.87,90.94,119.38,55.16,102.18,134.20,36.58,102.49,138.39,35.53
1,2.27,4294,58.63,59.46,102.51,52.71,51.11,111.82,74.63,57.19,89.28,70.15,66.56,74.42,81.23,73.86,67.63,81.25,76.43,61.76,69.48,75.90,65.15,67.86,92.87,55.06,92.94,108.05,50.59,90.50,115.40,56.49,99.20,127.45,36.30,103.85,134.58,32.42
1,2.21,4299,54.92,61.86,99.07,55.17,50.16,110.85,73.95,57.66,90.08,69.16,67.02,76.64,74.85,75.53,67.50,75.01,79.02,60.25,74.18,79.98,58.81,72.33,93.07,53.90,81.61,98.78,69.02,76.48,100.18,77.10,90.31,107.24,38.79,99.43,108.04,30.52
1,2.15,4304,40.79,52.32,107.15,50.62,49.33,115.73,65.49,54.21,102.73,64.85,61.72,85.92,54.76,69.81,84.92,59.19,72.27,75.68,64.87,78.52,66.66,72.74,90.58,50.72,87.39,107.58,65.35,83.73,109.88,67.35,92.18,113.28,42.08,99.88,112.06,30.75
1,2.21,4308,48.58,52.26,85.05,62.57,49.21,98.97,63.87,53.35,105.03,62.45,59.62,98.01,61.18,67.72,81.57,60.91,72.20,71.40,64.39,79.85,62.19,71.54,95.24,53.66,93.09,119.51,54.71,97.54,129.03,50.45,101.91,134.57,39.38,96.83,122.18,38.01
1,2.15,4314,60.24,50.75,85.37,58.59,50.13,93.95,72.30,57.72,92.05,70.86,63.72,89.03,71.22,71.25,70.70,69.89,72.56,55.72,70.30,74.20,58.47,69.23,81.39,61.71,80.99,105.20,65.55,87.76,115.94,62.79,94.13,119.63,49.06,89.89,112.62,53.81
1,2.21,4318,41.65,50.91,107.04,67.30,54.53,91.92,78.54,67.85,79.62,80.34,73.12,68.89,75.82,78.59,63.89,66.56,83.63,65.96,67.98,80.51,62.02,71.77,90.25,62.57,85.58,110.79,66.74,89.07,116.83,60.65,96.35,123.06,46.67,93.59,118.80,49.22
1,2.21,4323,38.48,52.09,116.08,70.06,60.83,89.13,92.20,79.12,56.50,100.07,87.38,37.72,78.61,89.54,46.31,76.60,88.55,50.63,74.74,84.06,62.33,74.87,95.82,66.64,90.56,117.76,60.59,87.42,114.96,62.22,84.31,110.96,52.62,88.99,109.96,42.92
1,2.19,4327,42.97,53.52,109.01,74.61,65.26,82.60,99.72,84.82,43.64,101.64,91.87,31.03,84.15,88.40,44.70,88.78,88.20,43.69,87.80,89.92,48.07,84.42,105.69,48.51,93.10,122.81,50.09,90.99,120.93,54.96,83.66,113.25,55.83,83.09,108.06,51.23
1,2.15,4332,53.71,53.22,99.66,73.77,67.31,78.95,96.12,81.70,49.55,85.19,85.33,50.91,81.55,87.18,52.03,80.66,84.61,54.88,75.89,90.34,53.34,87.03,109.11,44.18,91.91,125.65,46.57,88.49,117.50,55.04,81.38,110.92,55.38,81.13,107.54,50.81
1,2.24,4337,59.22,57.85,95.96,82.63,71.48,71.02,81.78,75.37,64.37,71.08,79.89,69.53,71.10,80.00,67.04,65.29,78.98,68.00,64.90,86.16,62.69,85.14,111.25,58.26,88.38,119.37,55.33,87.61,116.52,58.72,85.49,112.42,45.39,86.84,106.29,38.82
1,2.24,4342,57.97,55.91,87.21,82.50,69.33,67.50,78.99,73.07,66.65,69.53,77.26,71.27,71.32,78.87,56.62,71.06,76.56,47.94,66.33,82.78,56.55,82.74,100.98,59.05,79.13,105.39,74.07,74.51,94.81,81.38,76.88,98.15,59.70,91.03,99.44,34.80
1,2.21,4347,76.39,57.65,59.67,98.76,67.29,43.22,75.03,70.92,66.30,64.38,76.39,74.73,73.41,77.98,51.73,77.41,79.59,45.30,69.40,87.90,52.49,79.65,102.13,58.96,77.48,105.59,74.40,74.35,98.18,83.53,85.10,106.09,54.54,95.73,117.20,50.41
1,2.16,4352,73.49,52.47,75.25,92.86,63.43,52.63,77.29,64.65,70.56,55.45,69.43,88.21,62.74,74.29,70.00,69.33,73.22,63.14,70.02,74.79,64.55,68.73,92.25,75.06,74.62,98.49,84.57,76.64,102.08,82.99,89.07,115.64,58.71,96.54,128.13,54.03
1,2.01,4357,38.83,58.58,114.48,64.73,59.28,96.39,77.59,63.17,78.45,60.46,67.26,81.94,57.09,72.09,81.15,61.48,74.08,79.10,70.64,75.91,66.52,71.09,99.42,67.25,76.29,99.86,81.09,69.93,93.13,90.06,74.43,96.88,60.77,99.25,112.17,37.50
1,2.02,4367,58.50,53.10,112.46,98.70,52.82,89.06,69.23,58.06,90.71,52.29,66.10,97.38,63.70,72.62,80.51,92.33,75.38,56.60,100.37,75.57,46.55,78.87,94.48,71.94,84.34,111.06,68.39,88.69,120.11,61.55,97.80,133.09,42.67,104.93,141.87,37.74
1,2.06,4371,59.07,50.20,118.11,81.23,48.45,102.50,59.28,53.44,102.74,50.08,61.39,105.58,62.25,65.70,89.98,75.81,68.61,77.55,83.33,72.50,64.52,72.82,89.95,79.66,79.40,104.61,75.96,82.75,112.20,68.84,94.48,129.43,44.69,103.22,131.92,35.97
1,2.08,4376,53.41,46.78,129.23,61.29,47.72,117.41,54.85,52.26,110.35,47.24,58.11,112.21,55.25,61.63,99.71,65.26,61.69,94.22,65.12,65.74,88.82,64.39,84.72,91.03,68.30,90.66,96.05,65.33,89.48,93.28,84.29,106.56,47.41,102.81,123.24,33.21
1,6.76,4381,34.89,44.94,114.80,28.66,57.76,120.24,26.72,58.89,130.90,32.37,56.50,152.79,40.60,72.29,150.01,31.90,67.74,150.30,26.70,67.93,134.59,30.53,70.77,137.90,39.43,75.94,132.24,68.96,55.76,90.72,74.38,98.99,65.96,96.32,117.50,44.86
1,1.99,4387,62.79,55.48,95.52,77.13,50.55,90.25,83.20,57.48,70.04,63.11,73.65,67.91,69.35,82.10,58.46,85.25,85.12,41.88,99.14,83.08,36.21,101.99,115.09,38.40,89.22,122.07,63.96,88.57,126.30,62.11,95.22,131.69,40.79,104.18,140.01,35.07
1,2.06,4391,47.04,53.47,112.04,65.18,49.93,103.23,68.32,53.80,85.89,54.01,66.90,85.17,61.43,70.82,75.35,66.05,74.38,71.03,74.55,78.85,61.03,86.62,103.27,56.76,82.08,113.61,72.72,82.27,117.33,68.19,93.91,126.58,37.42,99.85,127.96,35.12
1,2.01,4401,53.41,51.68,74.38,80.77,53.28,69.66,80.75,58.03,59.97,55.54,72.19,71.97,61.41,78.32,56.93,86.52,83.18,49.19,94.88,83.55,46.27,88.26,111.13,58.22,78.80,108.55,71.94,74.86,105.75,73.92,88.63,109.43,34.56,94.83,105.38,34.05
1,1.96,4406,43.74,51.65,73.05,69.97,51.43,67.51,77.76,65.50,57.42,59.83,75.77,59.75,44.07,80.92,60.24,66.85,87.96,49.03,88.54,89.44,34.37,101.32,128.50,39.72,96.94,134.47,44.86,94.34,136.43,47.27,96.47,132.65,34.16,97.41,123.55,36.03
1,1.96,4409,41.99,51.63,71.46,65.09,54.76,61.98,75.99,71.55,46.93,76.27,76.52,39.13,58.93,78.82,56.29,60.92,78.58,61.08,80.72,81.03,45.21,87.10,120.36,49.39,89.12,123.67,53.78,87.98,125.65,48.76,91.00,118.57,40.31,91.40,113.67,43.47
1,2.01,4430,47.61,56.97,75.24,77.59,70.17,61.68,93.51,80.70,38.24,81.28,87.44,43.76,80.62,86.80,42.73,80.81,85.61,47.10,79.16,88.69,47.00,95.12,122.80,40.90,101.85,143.81,39.53,101.91,143.98,40.32,92.92,132.18,48.71,83.71,118.07,58.90
1,2.10,4435,68.54,59.53,67.99,79.07,56.53,71.14,61.96,70.44,70.15,63.65,73.76,62.68,77.60,71.59,47.76,82.29,81.14,47.48,74.07,88.45,49.38,97.67,127.50,44.95,101.53,139.77,42.32,102.48,142.30,41.05,102.63,144.53,38.98,96.92,133.97,40.79
1,2.06,4441,63.05,55.39,89.88,71.49,58.66,81.01,67.95,64.06,74.60,60.78,72.33,74.26,75.45,78.17,57.62,82.69,80.35,52.43,81.69,91.88,50.97,92.31,120.62,50.83,86.68,118.47,71.53,77.22,106.74,74.54,90.27,113.96,43.50,98.40,121.94,34.60
1,2.02,4447,70.68,52.59,85.63,75.03,52.40,87.38,82.82,61.62,58.30,69.95,80.33,56.52,80.61,87.03,41.43,92.51,85.12,31.88,99.28,87.35,31.38,104.63,125.78,33.62,101.77,140.15,43.63,103.20,148.76,39.17,104.31,151.05,37.21,104.30,149.19,38.90
1,2.24,4450,69.88,48.81,102.38,83.63,59.05,70.68,73.36,71.52,62.84,72.41,77.58,62.09,77.16,82.93,53.70,80.54,81.00,51.48,86.81,98.72,46.92,91.12,123.68,50.77,92.96,128.91,57.41,92.24,131.40,55.01,97.34,128.03,39.71,98.98,122.87,36.02
1,2.24,4455,80.64,44.78,104.62,90.51,62.85,60.70,95.43,72.64,38.34,81.29,78.51,48.74,82.91,84.17,46.19,85.50,82.71,41.67,90.90,92.21,37.53,95.73,121.30,37.67,96.76,133.68,49.35,92.14,128.80,55.07,95.56,123.33,37.80,97.60,116.47,32.96
1,2.05,4461,94.50,45.27,98.61,83.26,45.67,100.09,100.85,67.65,45.30,104.44,75.21,29.82,93.81,76.45,37.16,94.78,82.97,37.22,97.57,81.43,36.55,96.69,107.29,34.69,100.98,132.26,41.46,101.10,137.16,41.27,103.40,141.16,36.83,102.41,141.32,38.81
1,2.12,4465,83.61,43.05,115.14,85.73,51.75,84.28,105.09,69.69,37.47,99.05,76.55,31.63,86.07,82.03,37.65,85.77,86.09,36.37,89.22,84.38,35.75,91.66,106.98,39.04,93.82,125.04,50.35,94.64,128.17,50.34,100.20,133.85,36.74,100.52,136.52,41.30
1,2.21,4470,72.10,43.37,116.59,91.92,56.58,64.86,105.85,70.80,34.13,100.88,75.90,30.19,87.24,83.24,34.16,88.67,83.80,33.56,93.23,86.62,33.52,94.24,107.87,40.07,95.75,127.92,50.83,95.96,130.82,48.71,102.09,136.24,38.09,100.99,136.38,40.52
1,2.26,4474,65.15,45.07,119.52,92.12,57.12,63.86,107.28,70.90,32.64,93.64,77.77,34.17,89.47,83.36,35.22,90.80,84.14,34.73,92.31,86.44,36.14,95.17,111.29,40.25,96.32,129.09,52.20,96.22,133.44,51.03,101.64,137.37,39.77,100.40,135.40,41.69
1,2.20,4479,85.90,40.48,106.47,56.98,49.36,113.88,95.80,60.75,56.00,102.21,73.29,32.70,89.37,77.65,43.97,89.08,85.05,39.44,87.44,83.44,40.60,94.05,97.86,37.54,94.25,121.63,47.76,95.16,130.28,54.86,100.25,133.23,39.81,101.48,133.54,41.54
1,2.29,4484,67.59,46.24,107.78,64.82,48.09,105.22,99.62,63.64,47.65,98.74,73.96,33.36,89.36,78.23,41.85,88.06,85.98,36.97,88.85,84.30,36.96,96.84,101.06,35.56,102.08,130.25,40.52,103.28,142.80,41.36,104.15,145.34,41.07,98.43,131.78,43.98
1,2.33,4489,60.39,47.84,108.52,61.70,46.54,110.22,96.01,62.59,51.64,99.92,74.21,33.44,88.37,78.28,41.47,88.37,84.80,35.64,90.24,82.51,38.50,98.91,94.92,35.90,103.04,131.08,37.31,103.05,142.06,38.13,103.94,136.64,35.22,95.00,123.65,40.88
1,2.33,4493,61.09,46.66,107.73,56.06,47.37,116.36,93.13,60.01,57.62,102.66,72.04,33.57,88.15,78.48,39.89,88.54,86.94,34.75,91.62,82.39,38.58,99.30,93.91,34.82,103.60,128.42,36.25,104.67,144.05,38.43,104.44,136.98,37.32,95.18,123.73,38.88
1,2.37,4499,61.47,46.99,102.97,52.88,50.48,114.03,95.96,58.41,53.34,106.80,73.62,28.82,94.12,80.35,32.76,93.11,83.92,31.77,97.54,84.91,28.64,104.35,91.58,26.40,104.34,126.36,32.03,105.05,145.46,37.26,104.76,147.38,38.90,99.68,138.64,39.72
1,2.43,4503,61.57,47.87,101.65,51.77,51.20,115.18,97.22,60.56,50.11,106.90,74.44,28.43,90.55,82.54,32.35,88.65,87.54,31.32,92.29,88.60,30.10,98.83,90.83,29.71,102.38,122.24,34.01,103.47,142.04,37.54,104.66,142.61,37.46,100.19,136.31,39.48
1,2.51,4509,54.73,49.08,106.93,54.48,52.36,109.57,96.44,62.31,48.86,103.31,72.88,30.32,92.27,79.84,30.07,85.67,80.73,36.35,87.56,79.89,39.97,94.16,84.71,36.87,96.88,112.44,38.36,99.95,131.83,37.59,103.96,135.33,31.06,101.81,142.15,37.44
1,3.07,4515,23.38,56.48,144.44,59.69,50.06,94.43,82.39,58.29,78.30,73.72,65.98,76.47,84.88,72.38,57.37,94.42,74.35,50.88,88.85,72.76,54.85,82.88,62.83,118.66,85.85,63.60,120.41,87.61,61.60,121.13,86.26,62.93,117.93,82.28,63.47,107.21
1,2.92,4519,23.92,54.95,144.15,45.24,53.41,117.89,89.57,59.64,67.39,85.63,67.69,60.20,95.52,75.75,40.78,98.43,75.68,45.74,90.21,72.88,53.94,85.48,66.39,105.36,84.65,63.12,114.93,82.10,58.88,111.35,78.29,55.79,105.77,72.75,53.01,93.28
1,2.86,4525,29.44,55.73,128.14,97.34,62.24,54.54,95.61,68.59,49.57,76.98,72.74,57.54,103.15,77.50,32.61,92.94,76.63,49.15,87.97,72.54,73.52,81.54,64.94,127.13,79.41,63.38,118.43,75.92,63.01,118.29,75.17,58.30,111.25,70.93,55.14,108.82
0,2.29,4713,42.45,60.85,130.96,75.84,79.90,169.21,87.90,93.51,176.84,100.53,103.05,169.73,107.15,109.44,170.54,107.95,118.99,154.74,83.75,101.78,94.89,78.14,79.43,62.63,75.76,71.32,66.76,69.75,70.76,64.71,92.66,69.51,23.84,89.48,75.06,25.41
0,2.32,4716,39.72,58.46,138.34,69.71,76.70,169.87,80.56,90.13,172.70,95.43,99.21,164.80,102.25,105.34,162.95,100.99,104.67,145.96,88.41,94.92,103.53,81.52,79.95,70.15,72.99,72.93,73.18,67.86,71.50,70.23,91.72,69.05,24.22,88.94,75.59,25.52
0,2.36,4721,37.26,56.93,139.88,71.20,75.69,174.78,85.44,94.59,173.86,93.74,105.83,169.00,98.78,104.42,166.75,101.48,99.77,152.00,82.54,89.66,103.86,74.49,76.72,76.40,71.17,75.18,76.59,68.64,73.83,72.36,88.89,74.97,25.39,91.24,74.48,21.61
0,2.30,4725,36.12,53.11,133.92,60.25,66.59,166.94,82.93,90.06,176.64,91.18,104.74,166.17,96.79,102.94,165.99,102.66,99.17,158.10,83.32,90.19,118.54,72.08,76.69,77.72,66.44,72.17,83.29,62.50,68.72,82.32,85.66,69.11,25.92,87.74,67.19,22.24
0,2.35,4731,39.36,53.51,138.66,79.05,79.50,184.68,93.13,104.17,169.86,104.87,113.02,164.39,107.10,107.65,167.51,102.13,103.25,154.53,82.23,90.58,86.68,78.07,79.85,67.41,69.94,72.01,76.89,63.39,71.16,71.04,92.85,66.39,22.54,84.02,67.82,25.13
0,2.38,4735,49.66,60.46,153.30,82.87,86.51,184.42,90.09,103.70,167.95,103.54,105.55,159.84,100.12,102.05,163.87,96.51,99.90,151.50,81.16,89.22,74.27,75.37,81.15,69.64,67.86,70.51,78.57,61.77,69.58,68.03,95.72,68.87,21.32,79.89,68.83,27.82
0,2.19,4740,42.56,53.13,125.17,66.20,70.23,165.55,90.03,96.24,179.15,96.08,109.97,164.26,104.21,109.04,162.83,102.58,112.07,164.99,99.07,105.50,93.84,87.31,91.56,58.39,76.95,77.79,65.18,70.92,70.21,72.51,83.19,75.06,29.85,94.29,74.06,19.82
0,2.10,4746,42.79,54.12,114.01,80.01,79.95,165.61,104.02,113.68,170.47,108.45,126.44,160.57,101.39,114.98,163.39,95.72,106.01,152.47,89.49,93.44,69.57,84.48,86.56,55.15,78.92,77.45,62.16,74.79,74.08,64.35,81.47,73.08,37.96,83.27,72.25,36.26
0,2.10,4749,51.42,52.11,113.08,90.91,89.20,169.58,105.78,116.72,162.09,107.65,125.38,160.62,99.94,114.11,162.94,94.79,105.29,145.27,87.91,92.19,69.18,81.47,84.33,59.60,74.35,74.40,68.65,69.14,70.56,72.71,76.06,70.79,43.85,78.57,67.88,41.45
0,2.00,4753,50.34,50.96,106.75,92.82,87.30,163.20,105.89,116.57,162.53,107.11,124.81,159.92,98.89,113.57,163.73,94.75,105.02,147.39,89.12,93.82,64.17,83.96,86.21,56.30,76.43,77.93,65.31,71.34,73.48,69.20,79.11,73.71,40.49,84.04,71.82,34.21
0,1.92,4757,47.69,52.71,113.64,99.13,88.50,156.75,101.09,109.80,159.50,103.38,116.29,165.95,103.54,118.13,169.07,103.83,113.10,120.68,93.63,101.48,52.04,82.59,91.77,50.16,77.00,77.79,64.95,73.63,77.99,66.29,81.13,79.75,37.19,92.30,78.88,22.15
0,1.80,4761,49.44,52.09,112.12,88.89,79.86,144.84,101.11,103.23,145.86,98.75,111.97,163.35,93.09,109.15,151.35,99.91,107.15,101.37,96.67,94.42,44.82,86.76,84.61,50.26,80.24,77.55,58.17,76.87,76.59,60.46,76.30,77.96,46.81,89.91,79.79,27.09
0,1.67,4767,77.64,50.77,113.23,85.89,82.28,148.24,100.14,104.34,151.13,97.59,106.63,158.62,97.01,106.45,142.46,97.97,109.04,122.92,94.30,94.30,49.19,89.09,84.16,49.04,80.34,79.10,58.55,77.11,76.99,62.09,71.22,79.64,60.18,88.24,76.43,29.86
0,1.58,4771,76.48,41.48,131.23,92.69,73.08,146.91,102.97,109.16,158.63,106.57,121.94,158.77,107.01,123.50,160.00,97.07,115.93,140.67,91.88,100.77,48.03,95.24,86.14,40.35,85.41,76.99,52.69,83.00,76.80,55.36,79.91,82.00,54.54,86.76,82.44,28.52
0,1.43,4776,46.39,24.23,161.23,78.34,46.78,155.32,100.31,98.21,155.32,104.33,114.85,150.06,103.66,117.76,150.08,101.86,112.53,146.35,97.11,94.96,62.04,93.36,77.22,40.99,86.03,69.47,57.73,77.32,67.17,63.04,73.29,73.35,61.74,89.01,77.42,25.63
0,1.43,4779,35.09,21.60,172.91,72.21,50.16,167.29,99.67,99.15,153.12,104.05,113.19,150.67,100.26,112.58,153.81,102.46,107.61,140.77,95.60,89.85,55.41,92.52,77.18,42.30,87.67,65.78,58.01,74.60,64.39,67.76,71.79,70.75,65.31,89.98,78.04,24.82
0,1.43,4783,39.53,19.07,188.18,55.71,33.34,184.57,93.29,84.74,171.53,96.31,103.60,153.38,102.51,107.72,155.86,100.80,104.25,152.25,96.21,84.58,67.76,85.22,78.40,51.08,84.77,63.46,61.14,70.32,61.61,79.08,62.96,63.76,85.01,70.01,66.27,48.83
0,1.41,4787,31.78,14.70,204.96,69.44,36.58,184.74,96.49,78.81,168.21,88.19,91.34,164.72,93.82,98.08,164.26,99.15,101.67,159.41,92.88,81.94,81.17,79.67,72.42,67.69,72.07,62.47,79.26,67.19,58.74,86.54,62.33,62.53,88.92,79.65,61.10,30.99
0,1.48,4793,32.90,16.93,206.08,105.94,66.20,134.01,84.03,79.68,164.71,87.02,86.37,166.31,91.96,89.02,166.13,82.03,89.93,169.77,80.50,75.50,103.15,94.54,65.42,68.87,76.44,58.44,83.79,61.61,57.65,98.47,58.14,62.29,95.53,83.16,60.16,28.22
0,1.58,4797,69.01,40.06,171.56,100.48,79.70,134.40,87.44,87.78,173.86,94.29,94.82,167.18,98.24,96.62,166.95,94.30,96.45,171.03,82.70,81.31,87.48,95.27,70.93,56.80,82.43,61.79,71.61,67.47,59.58,89.54,63.36,60.57,92.04,76.61,64.16,42.92
0,1.71,4801,95.21,74.17,122.12,86.57,84.20,164.67,97.33,93.98,172.58,107.17,104.80,164.76,102.31,101.28,171.44,104.55,102.09,151.34,84.41,87.97,61.88,96.81,76.10,42.67,85.92,69.58,57.56,78.36,64.65,68.16,73.33,66.82,72.19,85.80,71.49,30.57
0,1.92,4808,62.72,78.57,158.84,84.89,72.09,159.53,86.68,79.63,159.85,84.20,85.95,164.55,85.85,87.95,161.78,86.09,76.52,120.77,73.51,80.89,84.94,76.66,68.55,68.87,69.12,63.49,81.11,71.80,66.23,74.81,80.80,73.71,43.52,94.09,70.30,22.59
0,2.01,4811,61.04,61.58,166.74,78.83,67.91,170.35,78.57,75.75,174.15,80.94,80.42,171.14,85.54,84.40,163.93,86.53,73.43,130.62,65.37,65.65,88.13,68.19,67.14,83.59,57.07,61.47,97.55,56.68,62.05,100.57,70.78,66.19,51.69,92.68,65.96,25.45
0,2.10,4819,71.93,56.45,109.50,88.42,77.88,191.98,104.29,103.08,193.11,107.39,107.75,179.05,107.73,110.27,171.67,107.87,112.61,170.26,107.35,104.36,84.59,103.54,91.66,26.78,98.43,86.74,32.15,89.76,84.75,43.07,91.95,86.49,27.77,96.06,86.69,25.10
0,2.14,4823,70.84,48.86,110.24,69.68,63.15,165.92,98.46,97.11,192.43,106.17,107.73,182.81,105.16,108.80,167.33,105.53,113.70,160.57,103.01,105.81,140.37,98.48,92.79,41.05,89.57,83.18,47.88,81.19,77.38,56.78,90.33,80.31,28.16,95.04,81.29,24.39
0,2.38,4830,57.42,55.09,110.21,66.71,64.81,175.01,99.19,101.09,184.94,107.66,115.08,173.97,103.87,111.68,159.68,100.73,106.76,151.14,97.40,102.43,150.12,93.40,89.95,64.79,84.64,87.09,50.45,79.11,82.38,49.55,98.73,80.91,22.82,90.35,81.60,27.09
0,2.47,4836,57.00,49.65,111.80,58.28,60.03,146.03,94.95,93.58,187.16,107.64,113.76,175.95,105.82,112.29,164.95,98.85,102.06,160.26,100.31,108.18,157.32,95.52,94.67,91.59,85.02,87.47,52.31,77.25,80.03,49.98,100.82,76.45,22.35,88.91,78.16,27.34
0,2.62,4841,58.40,49.77,108.16,60.69,61.78,132.98,105.01,93.01,186.50,107.61,116.11,179.69,106.04,116.50,159.29,101.94,110.26,157.02,103.59,112.51,161.63,97.29,101.96,113.20,90.55,90.59,46.79,89.10,86.76,35.02,101.79,85.18,23.73,86.96,78.90,31.08
0,2.95,4847,69.46,56.31,92.52,92.18,69.00,162.49,106.83,106.25,182.18,108.14,120.90,172.91,108.41,121.80,158.80,105.80,119.12,148.68,106.28,119.49,158.15,103.07,109.16,104.14,95.79,97.34,43.30,94.57,90.93,30.11,102.39,86.58,22.53,84.24,81.54,33.54
0,3.11,4850,80.06,59.04,102.58,100.32,83.50,183.88,107.68,118.14,180.83,108.47,124.97,170.40,107.48,122.64,152.39,102.54,116.45,152.74,104.68,115.32,156.58,99.74,102.39,88.26,93.80,97.34,37.29,96.62,91.51,25.50,101.53,90.34,21.42,83.49,84.05,31.91
0,3.09,4853,80.83,55.60,91.62,93.71,73.24,167.17,107.29,112.60,186.98,108.22,124.10,177.74,106.43,118.73,161.82,98.61,109.68,151.49,99.18,111.22,155.08,99.40,103.29,94.31,95.64,98.20,35.50,97.62,89.91,25.50,102.07,89.97,21.51,79.28,79.28,33.65
0,3.30,4859,82.06,53.02,93.30,92.39,70.33,160.93,105.59,106.73,186.40,106.89,120.46,183.72,106.97,118.87,168.74,101.24,111.19,159.41,103.06,111.47,150.69,101.28,103.72,104.44,92.38,95.17,34.13,103.41,89.60,24.12,100.62,85.81,22.89,75.20,72.52,36.79
0,3.49,4864,74.15,57.59,92.24,90.43,77.50,177.57,105.42,115.57,186.81,108.35,126.73,177.38,107.77,123.42,166.14,103.05,114.58,156.22,105.23,120.75,150.68,106.30,116.85,131.26,104.88,106.33,32.46,100.64,97.51,25.37,100.45,91.26,22.91,84.81,83.42,33.30
0,3.49,4871,75.94,53.94,87.79,76.95,64.40,147.48,97.29,103.91,186.70,104.34,122.12,173.30,107.26,122.82,164.10,102.62,113.88,152.86,101.08,113.63,152.94,101.93,111.35,140.69,102.74,105.06,46.09,100.04,96.26,27.21,97.89,87.79,22.13,79.42,78.49,36.72
0,3.64,4875,72.78,58.74,90.90,74.17,68.42,165.06,95.84,105.10,187.33,102.16,120.07,174.75,105.59,121.44,166.49,106.81,120.23,158.73,106.82,120.93,160.50,104.93,117.11,144.74,103.43,108.35,47.83,96.84,94.89,30.45,97.52,84.54,23.02,76.37,71.50,40.03
0,3.77,4879,76.56,59.84,92.53,70.79,68.23,165.93,99.34,107.16,190.29,105.18,123.12,176.41,107.79,124.16,165.32,105.42,119.83,158.69,104.97,118.20,159.59,106.61,116.01,144.88,106.17,107.21,47.63,101.50,89.67,32.03,88.11,78.04,27.09,70.21,73.24,44.85
0,4.05,4884,70.30,60.19,103.75,84.04,79.17,188.89,106.29,116.97,190.18,108.34,128.47,177.07,108.62,128.75,167.55,108.25,127.18,160.62,106.02,122.49,158.90,105.06,115.68,129.43,105.39,108.70,41.96,103.14,95.34,33.53,87.88,75.95,29.56,68.51,74.88,45.78
0,3.98,4888,72.82,59.12,97.06,87.20,80.90,189.19,105.07,116.01,190.07,108.19,129.35,175.10,108.55,128.46,164.29,108.33,128.54,162.97,108.50,125.85,162.56,107.83,120.46,110.60,105.84,112.91,37.48,106.38,102.95,31.41,89.01,83.34,28.90,79.35,80.79,35.04
0,4.18,4896,58.51,63.63,142.79,93.75,95.88,190.86,102.52,120.36,177.01,107.48,128.73,172.61,107.94,128.32,164.55,105.87,123.25,157.47,104.88,121.69,150.28,106.43,113.45,89.31,105.43,107.11,32.09,99.90,97.49,25.92,87.27,81.70,30.59,83.00,86.72,39.07
0,4.15,4898,52.09,61.55,130.67,88.51,88.33,187.50,101.19,117.63,176.52,105.47,126.09,171.47,108.37,130.64,164.92,107.05,125.46,156.12,106.64,123.43,150.43,107.38,116.14,103.67,106.11,107.45,34.72,97.18,100.78,25.76,84.98,81.35,31.82,80.89,84.02,37.92
0,4.18,4907,44.62,62.54,128.28,73.70,77.48,165.37,82.03,95.38,161.96,81.10,96.31,162.19,80.55,95.69,156.87,86.50,102.22,154.06,91.90,107.30,139.16,95.60,97.42,59.62,86.84,96.36,32.88,101.23,84.69,21.44,82.93,77.79,32.94,71.33,88.81,45.55
0,3.95,4912,42.39,55.61,95.72,57.59,66.47,142.95,79.68,87.71,159.62,83.36,95.94,158.71,83.26,96.44,161.40,82.91,94.77,154.16,83.38,97.03,147.43,85.03,93.12,86.52,79.23,86.74,38.79,94.95,84.13,23.41,87.59,75.67,30.28,77.02,98.81,41.17
0,4.05,4917,33.80,59.86,98.62,67.27,71.63,144.37,89.36,98.42,165.07,95.96,107.83,170.35,96.36,110.38,170.88,93.52,106.27,164.52,94.08,107.97,161.99,96.01,110.39,130.27,84.13,101.39,73.96,88.82,85.75,41.47,92.43,75.17,31.79,75.86,79.15,57.67
0,3.84,4922,34.21,59.80,101.00,64.65,70.37,138.72,93.68,102.49,172.61,100.76,117.93,173.04,101.28,121.51,173.75,103.23,122.77,174.50,105.68,125.97,171.70,108.73,127.26,148.97,83.78,99.78,68.11,97.44,96.20,31.19,95.63,81.81,36.74,77.94,81.97,49.60
0,3.71,4928,44.29,59.33,100.31,69.82,75.43,142.43,100.62,113.11,182.24,104.81,128.07,174.04,106.58,133.96,174.58,108.00,136.51,176.45,108.18,136.05,172.99,105.27,123.74,132.33,84.86,104.05,51.81,103.38,101.54,27.54,92.47,83.26,39.95,78.15,78.25,47.72
0,3.53,4934,48.15,61.29,94.61,70.59,67.75,117.64,104.62,118.20,186.26,108.60,134.99,173.02,108.73,140.22,168.94,108.52,140.53,169.40,108.11,139.94,174.00,106.71,128.72,135.49,89.00,111.98,49.59,98.62,102.80,31.30,90.20,82.10,39.58,75.77,73.02,64.03
0,3.43,4937,48.28,60.64,92.62,74.59,69.96,116.13,105.84,121.11,187.39,108.63,135.67,169.78,108.97,140.88,164.44,108.65,141.03,167.05,108.15,139.83,174.19,106.92,128.79,134.02,87.49,109.71,49.70,101.91,97.93,30.28,93.40,81.59,33.99,79.91,74.37,57.51
0,3.43,4942,49.15,60.83,90.52,81.54,79.13,129.67,107.35,123.04,183.46,108.72,136.33,166.53,108.92,142.02,162.75,107.38,136.48,165.82,107.08,136.11,173.12,105.30,125.88,133.68,84.86,111.10,52.80,95.25,103.54,30.56,98.70,88.44,28.12,81.94,75.30,52.79
0,3.33,4948,43.69,57.68,90.54,88.34,86.84,143.10,101.59,114.12,169.59,104.45,127.02,161.49,106.98,132.89,165.42,106.03,131.13,170.12,106.04,131.33,168.77,98.58,116.89,97.62,91.93,107.99,47.01,98.01,103.00,29.55,96.06,85.63,27.74,79.46,78.12,55.24
0,3.30,4951,44.84,55.51,92.35,90.31,89.81,149.20,100.65,114.58,167.41,104.81,127.26,162.59,107.78,131.33,166.95,106.67,129.50,171.55,105.92,128.72,166.92,92.86,113.39,70.77,92.99,103.75,41.82,96.92,95.66,30.40,96.21,82.59,28.17,77.51,78.07,55.64
0,3.11,4957,39.20,57.48,101.18,74.17,74.06,135.34,95.79,108.24,175.80,103.65,125.83,163.20,107.89,132.15,169.13,106.33,129.49,171.91,103.93,122.42,164.15,93.95,108.93,89.33,81.72,92.65,49.05,92.12,86.53,36.73,92.46,80.16,34.72,72.10,74.58,57.90
0,3.02,4961,38.25,59.06,104.65,71.95,74.67,136.55,95.60,108.22,172.80,103.34,124.79,158.76,107.60,130.77,167.39,105.11,125.77,166.90,103.33,120.68,156.51,93.77,105.32,88.95,78.84,93.59,46.79,89.67,84.45,41.56,88.19,76.80,40.88,69.12,73.57,59.57
0,2.89,4968,48.41,60.99,107.01,91.44,88.90,161.62,104.55,115.59,174.58,108.81,129.72,167.51,108.81,132.84,166.03,108.87,133.50,166.69,107.07,123.70,137.56,99.64,106.11,60.43,82.70,96.68,42.87,94.68,87.03,25.34,100.75,81.30,23.56,87.64,75.06,30.33
0,2.79,4970,33.94,59.09,110.85,85.09,82.54,147.26,102.47,110.96,179.25,106.43,125.08,168.78,108.62,130.71,170.65,108.90,134.07,168.34,108.32,128.05,150.24,101.58,110.41,62.92,88.19,102.54,38.24,99.57,93.27,26.09,102.73,92.39,23.68,92.97,85.75,28.37
0,2.73,4975,35.29,62.04,116.30,88.06,89.13,163.48,105.69,114.00,181.32,107.90,123.13,178.56,108.61,127.69,176.46,108.14,125.50,174.09,105.39,117.04,161.26,78.58,98.38,55.44,97.84,99.08,32.02,98.00,95.63,24.16,101.62,90.21,20.84,85.71,80.65,29.50
0,2.56,4980,33.77,50.63,120.56,48.34,62.18,139.08,94.65,88.52,166.62,103.69,102.56,168.20,103.00,105.94,170.03,93.02,103.82,167.34,95.41,104.44,156.95,77.22,94.04,91.41,94.02,91.46,42.70,92.81,87.72,31.72,102.70,82.85,22.93,87.12,77.98,28.72
0,2.55,4985,31.63,52.78,124.33,57.90,65.40,148.01,97.81,90.12,166.99,105.65,104.06,165.59,105.82,108.10,168.02,95.89,106.96,171.81,94.71,105.04,164.54,72.14,87.69,80.05,84.99,85.70,49.88,91.35,87.31,32.88,101.41,86.55,22.06,89.96,81.62,26.39
0,2.55,4989,33.24,57.61,125.39,80.03,81.09,167.42,104.96,110.29,183.10,108.65,124.30,178.10,108.56,125.85,178.57,108.39,125.01,178.07,107.89,117.77,133.13,80.84,101.21,50.02,86.79,87.96,48.57,86.92,82.19,38.85,102.07,81.49,23.83,95.03,91.63,25.45
0,2.40,4997,30.09,53.90,131.49,56.20,60.12,158.97,81.50,88.27,175.93,99.38,104.90,161.41,107.62,116.69,165.22,103.53,116.65,171.68,93.98,105.46,127.38,75.19,80.42,80.71,60.73,67.05,87.40,53.29,61.47,88.00,94.18,75.93,24.05,89.81,77.33,24.88
0,2.44,5001,34.98,54.09,137.80,57.85,62.44,170.23,70.99,79.87,172.64,104.39,96.10,149.67,108.35,109.57,153.91,102.98,110.76,164.74,91.29,100.33,117.36,76.24,72.96,79.68,62.68,62.86,91.47,58.13,63.00,87.49,91.69,76.96,25.41,97.85,90.88,22.54
0,2.29,5004,52.90,55.57,113.30,53.59,61.54,156.61,72.56,79.33,175.05,84.49,95.56,162.32,104.19,110.19,160.14,107.06,118.18,163.39,100.65,110.62,114.65,88.34,84.95,65.39,69.79,74.11,76.49,63.53,65.07,85.28,82.65,72.37,32.67,96.09,76.55,23.11
0,2.20,5009,53.09,56.18,114.22,75.54,75.07,162.28,90.81,100.26,175.55,97.27,112.66,174.31,105.66,122.38,174.46,108.63,126.92,174.19,103.93,113.34,107.32,78.45,96.76,55.56,79.18,83.37,64.34,71.87,75.65,71.34,84.10,74.91,31.12,94.97,79.06,21.38
0,2.06,5019,39.14,53.80,116.59,81.41,74.16,141.25,96.14,101.06,159.08,94.80,110.52,167.21,99.60,117.80,164.14,106.97,125.30,162.00,107.67,119.82,103.82,90.10,107.45,46.91,82.56,86.32,58.38,74.81,76.72,68.94,78.90,79.00,43.77,90.83,82.14,23.85
0,1.95,5028,33.86,48.90,141.19,90.88,86.00,156.67,100.93,105.09,151.31,100.90,112.25,159.84,96.26,108.43,161.89,102.41,113.98,155.39,102.81,104.18,61.98,92.26,91.51,42.80,81.12,77.08,61.80,74.17,73.41,71.65,70.66,74.33,61.02,86.37,78.16,32.72
0,1.90,5031,38.43,49.46,141.83,84.66,87.91,164.60,98.04,105.27,152.28,98.29,109.08,157.39,96.45,107.99,159.51,102.08,110.71,151.20,101.48,101.49,64.85,90.91,90.29,43.47,79.87,75.53,64.14,71.80,70.04,75.98,69.02,71.74,64.10,83.99,78.25,32.37
0,1.80,5036,90.53,68.94,110.90,74.69,81.88,165.51,96.71,100.27,144.18,101.68,105.74,142.91,98.58,107.65,155.66,99.05,108.91,155.13,98.45,102.26,81.62,81.59,93.73,44.70,83.20,78.24,57.43,71.79,70.70,75.84,68.44,72.57,71.81,83.21,79.34,33.34
0,1.80,5041,115.51,75.69,98.01,68.80,74.29,160.44,88.80,91.55,145.55,103.09,99.44,126.01,99.14,100.09,144.46,90.53,102.14,157.86,89.53,94.63,108.61,81.16,90.31,46.71,84.20,79.86,55.58,71.55,70.25,76.55,66.47,69.00,80.96,76.82,77.10,48.61
0,1.75,5045,124.91,75.29,98.77,84.05,75.54,150.42,75.05,84.25,157.72,93.63,90.09,134.68,89.42,91.09,151.63,79.03,89.92,166.05,67.08,82.43,105.23,74.84,77.62,66.09,74.17,74.75,71.39,64.64,66.38,86.97,61.00,65.60,89.51,75.59,70.68,50.42
0,1.75,5051,117.04,76.61,109.12,79.23,77.11,160.54,75.97,82.68,164.26,86.45,88.90,155.29,76.98,86.33,171.39,71.55,79.22,149.83,68.75,74.20,86.47,87.24,66.75,71.86,67.31,67.52,88.45,63.88,66.17,91.53,68.26,71.68,78.90,79.24,77.23,42.27
0,1.65,5061,104.59,76.56,115.63,84.99,82.40,165.29,95.09,88.92,168.09,102.36,100.25,162.26,101.42,106.15,172.19,105.73,98.51,112.60,79.76,87.80,61.47,88.52,63.42,67.06,63.99,62.19,89.98,69.44,67.56,79.30,72.72,77.11,63.16,98.42,80.33,23.33
0,1.64,5065,105.53,79.14,121.95,91.55,89.66,166.21,101.12,96.58,168.67,106.08,107.05,160.13,105.06,108.22,175.27,101.23,94.16,118.22,75.47,80.95,67.84,90.66,63.55,60.27,72.60,65.34,76.94,74.15,69.76,73.36,76.14,80.06,60.36,98.24,81.35,24.00
0,1.51,5075,67.91,31.12,172.33,101.59,73.61,166.04,88.90,86.08,156.22,89.04,90.67,146.88,90.37,90.80,150.57,93.34,89.41,151.15,69.74,86.84,93.47,79.30,74.95,62.99,76.39,71.19,69.89,71.75,72.59,74.66,69.91,78.49,72.28,88.75,73.77,24.62
0,1.49,5080,66.80,32.64,156.85,86.66,65.75,158.08,86.52,92.02,147.93,96.91,98.74,137.01,102.94,107.28,152.99,96.38,102.92,159.75,75.19,91.90,94.71,87.08,80.46,53.33,82.44,74.89,61.55,77.29,75.95,66.03,76.13,84.99,59.16,92.59,83.08,23.93
0,1.51,5084,70.66,34.90,142.51,82.40,55.92,135.50,88.98,91.92,150.52,102.43,107.18,142.89,104.11,119.14,155.14,107.05,121.39,166.30,97.44,104.46,90.40,83.40,91.58,51.77,84.89,77.11,59.77,76.65,75.33,66.50,76.63,82.81,61.43,89.58,80.54,28.21
0,2.14,5132,85.78,44.16,90.74,50.02,65.71,142.30,80.43,83.82,170.06,88.51,96.59,158.23,101.52,99.69,156.50,102.24,100.18,154.38,101.15,104.40,141.28,99.39,96.24,72.07,76.54,90.79,47.17,90.12,85.81,40.77,98.12,90.09,23.78,97.86,90.66,24.53
0,2.25,5137,75.58,57.73,88.90,79.53,70.84,173.63,104.55,110.05,175.48,108.47,120.14,164.54,108.52,122.18,162.43,108.22,119.89,168.53,108.85,116.26,127.04,106.31,106.41,45.11,90.72,98.61,32.82,93.09,90.78,36.00,99.59,90.89,23.04,97.38,91.36,26.77
0,2.31,5141,69.66,59.89,96.13,83.01,74.98,185.69,107.44,115.18,178.79,108.61,120.53,164.46,108.50,118.55,162.29,107.00,112.36,166.85,102.04,108.17,136.84,101.56,99.64,31.79,96.86,92.77,35.69,92.47,90.63,36.99,100.61,93.75,23.26,92.64,87.14,26.84
0,2.38,5146,58.97,54.90,108.64,69.63,65.55,174.30,102.63,104.54,185.90,108.51,118.83,169.33,108.49,117.68,162.91,104.68,111.68,163.54,96.77,106.07,154.89,94.08,95.10,56.26,88.59,86.65,51.83,79.46,84.88,51.84,99.67,84.82,23.37,90.24,78.78,27.26
0,2.51,5154,58.77,49.31,109.43,61.30,62.14,147.20,98.97,97.01,187.95,108.02,115.82,176.71,108.55,120.28,166.82,105.99,116.23,163.47,103.11,114.10,159.34,100.91,103.36,97.15,95.73,97.34,42.79,83.72,86.84,40.82,102.60,86.87,22.88,88.72,81.68,29.06
0,2.60,5159,62.88,53.10,101.51,68.81,68.65,155.31,106.15,106.60,189.19,108.27,119.78,176.03,108.53,123.50,163.97,108.60,122.53,159.72,108.86,124.07,155.39,108.45,113.38,91.58,105.01,103.01,35.20,91.74,92.25,31.20,102.22,91.68,22.26,90.01,84.25,28.94
0,2.69,5165,61.57,51.36,100.94,71.61,63.98,133.84,106.36,100.33,190.96,107.99,117.85,176.16,108.49,122.08,160.58,107.18,120.18,159.39,104.58,115.83,162.05,104.72,107.13,98.44,99.75,98.80,36.44,92.69,91.13,30.87,102.23,94.04,22.96,86.92,82.79,30.34
2,2.02,5275,67.25,70.48,122.03,101.13,117.14,158.80,107.61,135.24,136.88,107.80,140.26,135.51,105.44,131.59,146.31,103.32,125.83,140.70,100.08,116.14,59.83,80.24,94.77,54.74,54.72,81.70,46.16,54.95,77.36,35.07,58.46,69.03,31.28,62.54,68.33,34.76
2,2.10,5280,52.11,50.12,130.53,45.53,44.15,144.95,64.24,14.56,187.15,58.26,14.57,175.45,56.71,14.36,169.23,43.62,28.03,147.21,59.87,55.14,91.68,91.05,53.53,59.83,92.03,55.79,58.31,89.29,58.00,56.92,94.51,60.70,35.77,97.21,58.45,30.94
2,2.21,5285,42.56,56.99,123.84,33.80,51.59,144.66,54.59,22.91,174.08,58.75,19.32,163.67,59.46,17.43,161.62,40.87,34.25,151.34,56.61,47.19,100.59,86.00,53.38,60.83,87.63,56.80,56.50,85.49,61.72,52.46,97.80,60.66,30.63,89.66,56.19,32.61
2,2.34,5289,25.61,67.23,133.85,38.96,42.26,155.14,54.70,21.96,172.95,66.34,17.88,161.71,57.86,17.89,158.54,36.14,38.35,145.69,56.07,42.71,107.32,87.25,52.78,61.61,89.07,56.51,53.87,87.70,59.48,47.21,100.00,57.57,31.91,90.76,56.75,36.17
2,2.19,5295,64.75,35.54,121.87,29.36,63.54,126.73,30.91,56.53,143.56,60.90,21.71,170.55,60.52,16.76,160.17,55.95,16.43,160.25,37.25,26.82,151.11,47.64,53.18,100.49,93.78,54.55,51.39,94.77,58.19,45.00,99.16,58.00,35.39,94.56,55.29,33.36
2,2.38,5300,35.99,55.37,121.37,27.07,64.68,137.60,54.97,27.44,163.53,66.15,15.29,167.06,57.58,15.11,158.27,48.16,17.23,155.58,34.67,30.93,147.49,61.22,57.18,82.10,97.08,55.90,48.59,95.52,61.35,42.85,99.69,57.46,32.79,92.95,57.30,33.45
2,2.33,5303,43.63,44.29,125.22,28.42,62.18,131.59,36.53,49.81,148.06,73.47,17.96,168.52,63.18,17.22,155.32,57.69,14.97,158.48,46.02,18.71,154.67,41.13,54.67,105.06,90.17,55.93,54.58,97.16,59.83,41.72,100.49,62.69,32.41,93.99,57.30,32.84
2,2.74,5343,25.64,52.37,141.76,60.02,36.79,140.12,86.17,20.91,173.22,65.92,18.61,158.64,57.19,19.65,151.47,44.22,22.95,143.34,36.39,29.03,141.12,67.77,48.28,94.49,71.39,51.94,83.16,84.25,60.15,42.05,103.22,62.49,28.74,83.60,59.02,39.26
2,2.66,5348,26.94,44.76,148.71,31.80,42.01,143.44,73.11,25.50,167.52,61.15,21.98,151.80,68.09,25.66,142.39,42.75,29.02,141.91,35.70,31.70,141.50,50.69,41.88,115.96,57.59,47.38,102.31,59.38,53.56,77.59,96.47,60.80,28.78,92.61,59.24,29.24
2,2.63,5352,27.00,44.67,148.59,31.67,39.98,147.38,63.29,21.38,170.56,64.14,22.84,145.13,67.09,28.10,137.75,48.56,27.92,139.43,37.18,31.80,142.06,48.43,40.65,118.46,55.94,46.62,104.98,55.19,50.02,92.02,86.69,59.51,33.74,99.42,61.96,25.26
2,2.61,5357,26.96,45.69,147.40,35.73,35.97,151.83,64.68,23.09,171.56,61.32,20.74,151.68,67.37,25.54,140.72,50.77,28.58,136.98,36.70,32.05,142.40,51.11,41.98,114.52,56.85,46.12,104.04,56.76,48.59,94.82,78.52,58.07,41.08,101.02,63.20,24.71
2,2.50,5361,26.30,45.40,145.27,46.47,29.62,164.63,58.49,24.91,161.72,62.03,23.44,153.61,68.73,21.74,146.58,52.20,29.21,135.57,41.14,40.05,124.88,57.74,45.57,105.95,59.54,47.35,100.07,57.62,52.31,88.02,89.41,59.68,32.76,97.33,61.41,27.12
2,2.33,5366,31.66,45.78,141.16,55.91,26.02,173.34,62.61,20.23,167.69,68.47,18.75,164.16,63.48,17.07,158.02,51.23,23.33,145.52,59.62,45.63,108.43,75.66,55.82,82.74,74.74,55.42,81.93,70.89,57.12,74.19,98.21,64.62,30.02,93.12,60.47,29.04
2,2.30,5371,50.64,48.43,135.33,59.12,26.95,168.59,72.69,14.80,177.65,68.46,14.56,166.98,65.32,12.91,161.75,51.98,16.96,151.83,54.74,40.97,107.64,93.47,61.52,64.48,97.18,63.03,56.26,94.16,61.81,57.86,92.62,62.11,46.81,105.16,66.72,30.32
2,2.10,5378,45.11,47.46,140.11,57.29,35.52,145.89,71.36,19.52,181.47,61.38,17.51,168.72,57.06,18.71,159.46,58.32,22.09,148.59,54.91,37.97,116.04,76.14,56.43,83.02,78.01,56.17,79.26,76.05,55.16,80.18,74.54,57.41,67.75,102.00,65.50,27.99
2,1.99,5383,34.03,45.42,141.92,72.34,29.29,158.14,74.76,18.66,170.25,63.47,17.09,168.09,56.34,17.36,160.31,43.57,29.91,139.50,80.71,49.38,94.87,78.13,54.37,83.58,78.17,57.44,77.83,74.82,56.13,80.40,73.59,58.15,66.60,101.68,63.44,25.49
2,1.85,5388,31.27,42.26,146.41,71.01,28.03,161.37,84.07,19.74,161.94,63.29,17.34,164.95,49.60,19.71,155.30,52.52,39.49,122.61,90.31,54.62,85.04,82.08,56.89,78.27,78.87,57.51,79.34,72.59,55.20,83.10,72.43,57.17,60.80,101.94,65.36,25.09
2,1.71,5397,118.64,72.18,105.13,52.15,34.06,156.19,75.01,20.14,172.88,66.56,17.79,162.21,52.85,20.05,156.50,38.14,36.63,137.25,82.05,50.99,90.82,83.65,55.89,80.15,77.84,56.92,75.87,73.05,53.59,82.63,68.68,55.10,74.74,96.10,63.86,29.17
2,1.61,5402,111.56,60.07,127.40,86.70,42.29,138.66,68.54,21.15,156.72,68.57,19.46,147.45,48.07,25.11,148.82,48.97,41.33,121.16,75.43,51.46,82.97,80.49,56.00,74.55,74.30,56.68,78.54,70.98,53.68,82.21,66.18,55.14,75.36,86.30,58.16,42.85
2,1.61,5405,105.32,55.77,125.12,89.28,36.05,145.80,68.16,21.09,152.33,60.69,21.61,148.64,38.95,31.56,141.76,58.87,46.22,104.31,74.08,50.75,78.53,82.34,56.92,74.13,73.30,54.78,80.57,68.41,53.68,82.77,65.92,52.48,74.91,84.31,55.91,44.08
2,1.58,5411,69.37,32.54,166.31,91.48,33.70,149.28,59.42,27.70,134.87,57.13,26.88,141.87,46.63,35.89,128.02,58.50,47.02,104.74,67.38,48.91,88.20,82.43,50.27,82.08,69.06,52.60,89.62,59.62,54.00,90.69,59.47,54.93,83.43,72.18,57.83,55.29
2,1.43,5417,33.78,15.92,187.62,65.35,19.47,180.75,69.33,24.67,145.33,48.43,29.63,137.47,48.52,30.52,139.71,50.51,43.75,117.23,60.48,46.97,103.34,74.96,46.52,89.25,77.59,49.29,90.11,54.27,52.27,103.32,55.31,56.05,93.64,68.38,56.08,64.61
2,1.41,5422,43.89,15.95,197.86,68.64,15.76,189.35,76.24,21.81,164.82,58.39,33.62,134.81,50.01,33.93,122.75,73.32,39.89,107.40,73.94,46.60,90.18,84.36,48.43,76.88,91.04,49.21,77.00,71.34,55.39,87.74,74.91,59.46,81.03,79.53,58.77,64.78
2,1.38,5425,56.86,11.32,212.41,67.89,11.62,210.44,78.23,21.22,175.40,44.80,31.94,151.21,43.29,49.40,114.49,86.97,43.47,87.57,85.16,45.53,80.24,94.92,55.51,75.27,94.14,51.07,77.90,78.58,58.55,81.03,83.42,62.42,71.92,88.57,59.29,57.91
2,1.38,5430,57.96,7.72,204.32,53.24,12.73,176.28,40.22,21.56,150.70,34.79,29.72,146.36,63.48,39.40,118.08,91.43,46.92,84.69,87.27,43.80,80.36,90.55,45.28,85.53,88.33,46.32,87.07,75.60,53.53,93.74,81.43,55.74,83.63,89.77,55.53,57.34
2,1.40,5437,53.68,12.46,192.23,47.13,20.33,153.73,48.17,23.87,140.26,44.24,28.12,147.60,49.47,38.27,122.33,77.94,48.42,90.48,77.40,44.99,86.83,78.94,43.74,79.24,86.80,44.05,85.27,68.04,48.90,98.99,66.89,51.98,103.37,72.48,53.13,81.56
2,1.37,5439,55.02,9.46,211.66,51.63,17.04,171.84,46.79,20.05,151.24,40.33,25.88,152.93,48.75,36.40,134.49,80.53,50.01,91.63,82.55,44.52,87.29,86.18,44.53,83.27,83.07,45.76,92.43,68.86,50.97,102.72,67.62,53.61,105.10,79.28,53.74,70.99
2,1.37,5445,35.68,21.32,217.03,60.92,11.39,226.76,98.05,24.94,180.92,58.07,17.05,175.58,40.86,22.60,162.16,55.74,38.17,129.65,88.67,50.84,82.70,99.60,44.89,78.14,97.20,45.61,85.98,80.38,52.37,92.78,77.42,55.14,102.34,93.66,57.23,60.54
2,1.51,5449,61.99,20.55,215.27,122.61,39.49,167.42,73.97,21.16,177.34,55.08,17.58,180.94,35.10,27.44,165.01,75.13,44.65,105.10,93.73,43.40,80.04,97.56,44.84,78.92,88.94,51.66,85.83,80.61,59.58,91.31,81.93,59.95,95.33,99.72,62.56,54.37
2,1.55,5454,104.71,49.34,159.24,109.69,32.18,172.92,73.13,14.55,185.47,66.83,13.27,179.19,38.81,25.58,155.47,63.92,40.71,112.01,100.45,43.86,62.09,106.91,48.08,48.41,103.06,56.63,55.59,92.50,61.82,65.97,88.08,63.26,74.42,104.08,64.55,51.25
2,1.59,5459,131.73,68.74,118.07,102.28,33.39,172.69,80.03,14.44,189.95,75.43,12.96,176.04,46.28,22.73,156.26,49.20,36.11,131.33,96.85,42.85,67.86,101.78,46.27,55.01,91.85,54.51,64.66,84.28,55.95,72.99,77.16,59.85,74.57,100.74,59.58,42.87
2,1.71,5463,118.52,61.98,112.46,74.65,22.40,185.90,76.28,17.43,178.72,69.52,16.43,171.79,49.82,24.16,156.32,51.73,38.58,119.36,93.31,43.48,71.12,92.24,47.44,65.82,82.61,52.48,73.42,79.04,51.69,76.65,74.86,57.95,71.98,94.90,59.62,45.80
2,1.80,5469,75.36,52.63,119.50,57.82,27.66,176.81,75.52,17.95,177.59,65.31,15.51,169.82,52.84,19.38,159.15,43.30,35.55,132.75,85.33,42.40,87.09,83.04,45.72,80.61,71.94,48.76,89.04,68.97,49.43,90.88,67.41,55.38,77.88,98.11,62.12,36.39
2,1.90,5471,47.20,42.06,138.41,67.90,25.31,176.39,72.28,17.67,175.07,60.84,16.70,167.49,50.96,20.45,159.03,42.44,36.00,136.51,84.25,42.40,91.83,78.37,45.32,84.71,69.50,47.85,90.33,67.01,49.34,93.04,65.96,55.46,80.78,98.52,60.98,37.08
2,1.99,5476,45.48,39.98,146.29,77.43,25.54,167.06,66.73,20.77,163.56,53.41,21.45,163.79,45.80,25.96,158.96,41.45,35.05,140.68,80.19,43.19,93.05,73.81,45.51,86.56,71.75,49.48,85.38,71.12,51.33,86.47,68.79,58.74,73.90,99.08,62.85,39.28
2,1.99,5481,45.19,44.59,135.54,69.94,28.81,167.40,59.65,24.68,164.32,48.41,25.12,162.16,40.59,26.33,157.25,40.37,35.47,142.03,73.22,50.19,85.77,79.17,45.10,78.95,80.73,49.10,74.66,78.48,51.84,76.39,75.19,59.03,63.75,100.53,65.73,35.89
2,2.03,5485,39.91,46.77,142.04,58.75,28.74,172.10,51.87,25.70,168.95,51.02,23.23,166.82,46.17,25.39,158.57,35.26,32.55,142.31,69.64,53.13,82.04,79.51,49.79,69.81,83.59,50.17,70.27,81.79,55.02,70.92,88.44,60.20,45.93,101.58,65.46,36.47
2,1.94,5491,37.91,35.39,151.33,51.44,46.75,136.03,63.30,34.55,155.71,44.81,29.64,166.68,44.14,27.73,163.87,47.23,30.71,149.12,49.15,31.99,139.80,64.22,45.21,100.91,65.03,51.90,87.89,74.00,48.73,81.72,71.51,53.68,72.72,99.38,60.52,32.51
2,2.02,5494,58.06,48.30,130.29,76.72,32.41,153.45,53.01,26.23,166.24,47.62,22.69,163.38,53.69,24.56,150.00,64.86,26.95,132.76,70.04,40.30,103.93,75.74,54.88,69.82,89.55,49.31,58.08,88.87,55.47,60.18,94.99,62.60,40.80,104.43,67.44,39.02
2,2.13,5500,53.96,52.62,129.43,68.92,30.13,161.32,45.83,25.55,165.19,36.52,26.66,149.37,33.59,31.67,133.88,43.20,32.64,129.43,85.90,43.30,83.58,84.97,51.76,67.58,82.32,51.05,70.61,69.23,48.59,86.88,77.55,56.14,51.69,102.07,67.57,33.93
2,2.30,5505,53.59,48.35,134.55,58.72,28.05,169.67,54.17,20.09,174.23,49.30,21.10,160.36,30.96,35.93,130.99,35.11,36.07,129.56,73.15,37.02,95.24,86.32,50.69,65.45,80.86,54.75,71.31,77.64,51.05,79.61,77.90,56.96,61.68,102.74,61.62,33.14
2,2.21,5509,50.24,56.44,125.83,54.61,28.42,168.73,64.69,16.82,180.40,65.06,13.78,175.47,74.04,13.96,170.06,40.45,30.41,145.20,57.53,54.99,83.46,92.00,52.07,64.25,89.10,52.98,66.23,82.84,54.12,72.14,92.70,61.18,38.71,97.15,64.53,36.26
2,2.21,5514,52.48,50.91,121.59,38.62,42.63,141.95,62.21,22.55,180.11,53.48,20.57,163.87,51.18,21.85,155.87,58.24,23.27,146.73,56.86,37.06,118.16,66.77,47.75,98.99,67.13,47.17,97.58,63.16,48.25,98.43,72.41,54.62,60.32,83.38,58.06,48.24
2,2.30,5519,55.83,47.69,119.78,38.11,41.88,139.56,60.15,22.64,178.64,49.66,21.05,154.71,60.58,25.14,137.77,64.74,30.24,136.91,48.16,35.11,132.85,57.36,46.30,111.75,59.68,46.13,107.32,58.38,48.54,103.54,67.87,54.19,67.67,82.86,56.56,51.41
2,2.30,5524,57.59,43.68,121.01,36.24,43.92,137.99,52.11,26.55,172.40,54.69,18.76,160.86,57.23,28.16,138.16,68.69,31.48,130.23,46.93,33.48,134.62,52.73,44.52,116.19,54.82,45.21,113.28,55.58,47.83,106.04,67.17,53.84,66.26,80.92,56.61,52.14
2,2.36,5529,50.77,45.21,124.33,34.75,42.21,142.69,51.57,26.91,174.71,55.03,22.74,160.87,63.68,24.93,134.01,65.32,33.35,128.72,44.93,34.35,136.45,51.44,42.94,118.18,57.80,46.62,109.35,58.85,49.12,100.45,67.57,54.20,66.15,81.54,57.76,52.80
2,2.42,5534,29.84,46.63,147.48,29.82,40.80,154.36,56.41,26.07,175.12,65.56,22.58,156.23,65.41,21.64,155.54,62.22,20.32,147.59,36.21,30.30,147.37,58.94,48.61,105.20,66.62,51.27,94.52,66.45,52.70,83.86,86.74,56.70,36.11,91.43,63.93,30.77
2,2.48,5538,26.09,51.83,145.85,35.33,41.66,153.23,69.79,19.10,181.20,79.29,16.14,163.39,78.78,16.47,162.75,65.20,16.77,157.00,39.53,26.19,151.14,62.65,57.67,93.71,80.86,65.18,64.61,91.25,59.72,51.06,102.49,64.30,33.08,98.09,62.52,33.12
2,2.50,5543,25.22,51.93,146.46,37.82,40.27,155.77,66.37,19.75,180.06,62.42,16.98,170.55,51.71,19.85,164.88,31.38,31.94,146.97,35.64,46.25,121.71,80.83,57.49,78.63,89.63,58.34,62.82,89.68,61.31,53.94,103.14,63.95,33.55,95.87,60.55,34.75
2,2.51,5548,24.28,53.89,144.05,42.11,39.68,156.22,70.27,17.71,180.63,68.32,11.88,172.89,54.44,16.50,160.34,30.36,37.77,136.90,44.65,45.16,111.29,85.25,53.28,76.15,86.15,55.58,67.24,85.38,59.07,53.51,102.47,61.95,31.01,90.38,61.10,36.03
2,2.63,5553,31.91,49.12,149.91,63.40,23.13,167.81,77.07,13.99,174.59,73.10,11.93,165.58,71.45,12.71,163.62,46.41,20.50,154.64,43.65,49.45,109.58,77.40,54.39,74.88,80.76,52.00,74.76,80.68,54.65,51.66,102.96,57.65,29.94,83.61,58.54,40.22
2,2.39,5559,27.11,51.15,132.25,38.28,41.67,153.07,66.72,22.58,167.49,71.91,20.95,153.79,69.83,18.21,151.73,56.04,18.26,148.71,44.63,34.11,124.26,75.07,48.89,85.78,74.29,48.86,84.15,65.77,52.20,74.43,101.18,58.21,30.18,88.90,63.25,35.17
2,2.41,5564,25.97,51.76,143.39,52.53,28.64,164.24,61.77,21.11,164.73,56.89,22.89,144.18,65.87,19.71,145.00,57.18,26.86,140.95,48.23,38.96,119.85,71.92,48.17,92.96,67.57,49.03,91.08,60.32,54.09,80.18,99.14,56.48,28.13,88.87,58.43,30.93
2,2.23,5570,43.39,43.96,137.35,37.50,38.93,149.88,54.91,25.16,162.61,53.49,27.29,141.90,63.57,25.66,137.58,71.64,27.89,136.13,37.50,34.80,129.41,63.39,47.34,99.90,65.80,49.31,92.54,64.11,55.01,85.29,88.34,59.15,35.31,90.72,58.68,32.49
2,2.38,5575,35.60,46.26,136.13,53.27,29.45,157.63,58.33,25.10,156.59,53.53,23.99,144.70,64.74,26.94,136.48,60.54,29.03,136.38,38.58,38.90,122.74,64.71,48.52,95.81,65.96,51.35,89.88,65.36,55.15,85.54,83.92,59.58,41.19,92.90,60.01,34.77
2,2.26,5581,37.39,48.15,122.49,45.04,36.00,138.61,63.39,26.83,155.19,66.78,22.50,141.25,70.68,22.41,143.32,52.98,24.42,144.89,47.57,46.68,106.02,74.23,54.99,79.71,75.98,58.53,74.62,74.26,61.11,66.84,95.36,61.02,32.69,88.44,58.78,38.65
2,2.24,5586,46.91,52.79,104.44,51.69,35.28,132.72,78.59,18.54,173.40,84.17,14.29,172.73,86.14,14.12,171.98,61.38,22.67,151.42,44.60,55.33,100.59,85.33,61.78,60.08,92.20,65.69,52.36,90.06,67.26,51.28,95.28,67.38,39.44,92.85,62.03,42.16
2,2.24,5590,49.52,52.95,105.33,56.49,31.73,145.45,81.23,16.06,185.45,75.38,18.21,175.67,43.69,42.86,109.69,42.97,47.13,111.53,70.76,52.10,81.39,87.86,61.74,65.54,87.33,63.87,61.44,83.90,66.25,58.54,95.18,67.89,37.98,89.68,62.46,43.54
2,2.24,5595,42.27,54.48,104.79,66.68,26.13,157.39,86.47,13.14,190.21,66.99,25.78,162.19,33.17,40.97,106.20,34.62,47.64,106.48,86.47,56.45,65.94,97.85,66.79,51.94,97.11,70.20,48.98,93.66,69.97,47.28,98.52,69.80,37.68,92.00,65.03,43.51
2,2.24,5599,41.50,52.63,105.94,69.30,24.65,162.73,88.80,14.09,186.16,82.82,12.81,183.88,75.42,16.28,171.50,41.24,48.45,119.81,72.18,60.35,67.80,98.13,66.04,48.35,98.56,69.79,46.13,93.56,66.91,47.84,93.80,65.71,44.52,89.62,60.27,45.79
2,2.21,5605,44.38,55.15,94.64,62.39,29.71,143.29,79.03,18.28,162.24,76.07,17.35,160.52,67.22,17.71,150.16,56.30,26.48,126.69,80.29,46.70,81.36,96.43,63.62,48.57,95.01,67.70,46.47,94.44,66.09,44.16,92.52,64.39,45.58,90.58,63.53,42.81
2,2.15,5609,49.02,50.26,94.28,47.89,36.15,125.77,66.82,22.77,147.84,67.02,20.35,142.13,66.84,20.13,140.88,63.92,31.90,114.63,68.14,42.78,92.30,77.89,56.18,71.07,77.66,58.44,67.99,80.46,58.56,57.46,89.93,58.05,41.17,88.72,58.45,38.81
2,2.21,5615,39.94,45.13,106.34,59.65,28.22,143.15,68.39,20.07,155.48,56.76,25.38,132.81,64.91,26.70,115.57,53.11,37.28,109.06,69.88,49.58,85.42,70.60,52.53,80.83,70.03,56.41,73.38,71.42,57.25,64.03,88.08,56.89,38.82,86.83,52.97,36.65
2,2.13,5620,45.91,45.30,105.58,48.58,34.48,125.43,68.91,19.70,161.99,56.38,26.92,133.90,60.53,25.69,117.12,55.83,33.67,111.75,66.79,46.04,92.22,66.35,49.76,86.50,66.11,53.56,80.82,66.85,55.15,72.09,77.67,55.72,48.28,88.13,56.21,36.95
2,2.15,5626,48.05,45.78,105.67,57.43,30.99,138.78,65.31,21.52,150.38,63.34,18.29,153.03,51.89,28.55,127.00,57.14,33.71,112.46,70.05,48.32,85.16,71.90,50.44,78.67,70.06,51.69,78.44,69.73,53.78,76.00,73.58,53.96,61.47,80.51,57.76,51.85
2,1.92,5632,41.56,49.29,126.10,47.78,48.85,127.15,79.11,17.43,186.01,80.40,11.20,185.51,72.74,10.93,177.63,60.98,14.44,172.51,49.12,60.29,110.70,83.96,63.63,60.70,93.96,56.79,55.00,89.27,57.53,61.15,88.68,59.43,44.99,100.44,62.26,31.57
2,1.98,5635,40.53,56.16,128.30,65.25,28.30,162.31,85.40,11.87,191.42,73.30,10.72,183.87,74.20,9.72,182.95,48.25,21.53,160.02,50.59,75.86,81.67,93.28,59.75,52.29,98.16,58.16,50.66,94.21,58.56,55.85,92.20,60.38,44.03,100.64,62.05,32.08
2,1.88,5640,27.97,48.42,140.87,72.16,25.38,168.60,83.72,13.73,187.34,79.29,10.97,188.34,60.47,15.15,163.63,37.34,46.39,119.03,96.55,53.14,64.04,97.93,54.64,57.12,92.76,57.88,57.50,88.25,58.15,61.22,89.20,61.01,46.10,102.22,64.79,28.44
2,1.78,5645,63.37,56.63,126.35,44.56,31.75,158.38,83.71,16.67,191.49,76.46,15.02,187.32,56.54,20.58,166.39,36.15,41.63,130.39,92.14,47.47,74.98,99.69,56.56,60.20,95.87,62.50,55.95,94.78,63.91,55.07,90.76,62.80,47.79,104.63,65.54,27.92
2,1.75,5650,110.71,69.77,105.19,33.70,34.34,158.08,72.88,20.76,182.14,66.27,19.27,175.72,56.31,20.62,167.15,41.84,29.17,150.02,75.58,43.03,96.47,86.81,57.19,71.51,87.68,60.75,67.32,85.19,58.83,69.20,78.49,58.60,63.35,101.40,63.35,26.35
2,1.71,5654,126.71,71.79,101.91,32.01,38.49,149.96,74.81,22.64,178.19,73.82,18.34,170.77,56.33,20.50,165.39,42.80,27.39,147.23,73.55,43.94,101.59,86.45,54.37,76.84,80.44,57.34,74.79,78.16,55.25,76.33,73.08,56.63,66.82,101.93,64.55,26.27
2,1.73,5659,110.02,67.34,109.43,30.76,37.80,151.20,85.96,24.29,169.87,75.89,20.29,165.10,59.20,18.41,165.38,42.41,26.55,148.81,77.97,47.47,97.72,87.07,53.20,79.54,75.47,55.32,81.61,72.93,52.77,84.20,69.38,56.28,71.40,100.67,65.44,26.30
2,1.85,5663,49.98,49.28,139.18,50.25,32.08,161.20,75.15,22.49,167.24,60.36,19.72,165.02,53.59,18.41,159.96,38.51,31.29,138.92,86.05,50.02,87.26,87.08,54.69,76.92,73.62,55.16,84.27,69.31,52.96,89.41,66.19,54.24,79.74,97.60,64.29,27.80
2,1.94,5668,33.36,43.20,149.71,55.07,30.89,161.65,67.00,20.43,173.67,57.22,19.61,164.43,44.87,25.37,154.00,36.31,36.20,140.92,71.75,45.45,104.60,82.04,52.89,83.61,67.88,54.08,91.07,66.56,52.93,92.68,63.18,53.19,91.00,83.88,58.46,39.69
2,1.94,5674,28.28,45.05,151.61,58.42,36.43,154.55,57.19,28.98,160.46,45.27,26.05,156.61,39.57,25.82,151.56,42.92,34.33,137.72,73.11,45.17,96.73,81.27,53.57,77.63,77.66,56.23,76.83,76.06,57.19,76.76,72.72,57.33,69.19,99.00,60.72,27.96
2,1.92,5678,28.39,53.26,143.35,57.37,48.74,150.70,40.28,37.19,143.91,46.05,24.37,157.60,41.24,16.42,145.58,40.63,30.86,135.26,87.89,48.45,72.58,101.49,59.17,47.88,103.20,63.09,41.80,101.53,64.28,41.77,97.82,62.06,39.83,104.14,65.10,28.55
2,1.98,5683,37.27,50.45,141.65,64.41,35.89,155.74,80.94,20.20,190.55,30.42,47.40,138.84,36.14,26.57,142.71,42.26,27.80,134.89,78.76,48.14,81.48,100.59,57.92,51.34,101.86,60.62,46.29,100.41,62.29,44.91,100.33,61.00,40.36,105.01,65.67,31.32
2,2.08,5689,40.06,47.84,144.02,48.51,39.68,149.50,72.31,16.31,190.36,70.77,14.61,182.65,69.22,13.72,177.10,48.55,21.46,158.32,49.58,47.08,114.69,82.25,57.44,74.95,84.80,54.10,71.20,82.63,55.14,70.96,89.08,59.32,46.41,102.34,62.33,29.36
2,2.21,5693,52.89,49.22,136.32,52.43,36.64,152.45,60.80,21.12,175.74,50.74,23.07,156.44,59.28,20.94,157.49,43.35,26.08,146.93,48.77,42.54,117.64,67.00,51.09,97.91,69.74,51.27,91.01,68.59,52.61,89.14,71.88,57.27,62.19,102.32,63.81,26.41
2,2.24,5698,54.61,47.07,135.80,48.14,34.37,157.79,56.07,23.03,171.75,46.39,28.11,151.01,50.68,25.12,151.93,55.27,31.76,140.81,53.93,42.15,119.32,62.30,50.33,102.47,64.50,50.23,97.97,62.95,51.39,94.54,73.61,56.22,53.55,100.82,62.93,25.36
2,2.24,5703,55.05,46.23,135.27,38.22,38.30,154.47,57.31,23.49,175.30,50.61,26.63,155.00,55.38,23.81,153.25,59.74,30.60,141.44,47.36,40.63,125.00,60.09,48.64,105.10,62.24,49.90,99.30,60.65,50.93,94.70,79.02,57.98,42.11,96.94,59.43,25.33
2,2.33,5708,39.21,47.77,141.89,34.81,37.90,157.07,59.60,23.55,178.76,65.03,22.46,160.37,72.72,21.15,156.20,53.03,21.30,151.73,39.72,39.43,130.06,61.43,47.98,103.39,63.91,49.42,96.86,62.42,51.81,89.40,85.20,58.61,37.74,95.36,59.91,26.57
2,2.35,5713,26.21,55.47,140.62,31.56,44.48,148.35,77.98,13.26,195.38,75.72,11.12,190.81,79.73,11.28,190.60,51.11,21.87,167.36,32.26,52.26,121.20,77.21,56.78,69.37,93.08,55.10,58.47,90.49,58.72,54.29,101.47,61.24,35.15,95.45,63.76,32.56
2,2.44,5721,26.33,57.13,136.82,29.73,48.33,144.57,81.92,12.00,197.30,72.04,10.27,194.52,21.26,52.25,125.76,17.30,59.86,103.95,43.29,37.56,112.78,97.18,56.62,60.60,99.60,60.60,53.97,98.41,63.19,47.93,104.77,61.40,37.19,98.57,63.23,36.34
2,2.45,5727,31.32,49.33,134.22,24.81,55.31,142.13,65.02,23.49,175.85,81.35,10.42,187.21,67.98,11.54,175.10,78.96,11.15,179.80,54.61,21.83,164.85,53.65,65.11,92.75,88.47,62.37,55.77,94.94,64.15,44.74,103.82,61.56,33.18,96.71,59.93,33.78
2,2.52,5730,27.85,50.52,141.53,28.90,50.06,142.57,74.82,19.31,182.31,76.77,11.82,176.43,57.62,14.83,157.31,65.92,13.82,160.29,41.35,28.14,147.11,82.98,51.89,77.27,91.86,58.65,60.51,92.34,62.10,46.29,104.93,61.96,32.02,95.01,57.99,35.95
3,2.41,5941,55.53,53.59,110.37,93.34,58.32,64.83,102.37,69.95,42.22,106.25,74.72,33.77,106.17,77.16,32.40,106.33,76.50,32.94,105.95,78.87,32.69,101.45,67.21,36.78,90.37,51.12,80.09,89.76,70.27,94.44,103.05,77.64,82.73,101.97,83.24,96.56
3,2.57,5950,48.32,44.18,124.39,51.65,49.58,123.02,94.83,57.45,61.19,105.61,71.36,38.00,105.73,76.92,33.22,104.62,78.84,32.17,103.40,77.03,35.23,103.88,76.21,36.32,94.89,69.27,51.86,76.33,66.71,86.86,102.23,71.06,68.90,92.52,71.01,83.10
3,2.82,5958,51.84,47.73,112.76,69.02,49.19,101.67,95.31,62.99,56.73,102.17,73.27,40.34,105.95,77.60,34.63,105.83,78.80,34.54,106.24,81.27,33.73,105.39,82.55,31.35,99.03,71.06,37.95,96.21,58.44,61.64,105.79,83.24,68.25,97.91,84.13,89.88
3,3.33,5973,75.62,45.73,97.00,87.30,48.80,87.90,95.60,65.99,54.81,101.27,75.83,41.26,104.99,77.44,35.85,105.19,80.31,35.13,105.16,81.42,33.39,103.30,81.08,34.17,100.44,81.93,31.86,103.65,66.31,43.81,105.15,75.68,64.83,100.44,88.77,79.45
3,3.42,5981,77.03,46.08,96.58,78.94,48.90,105.63,98.34,62.97,57.93,103.97,76.23,37.45,105.47,79.61,31.24,105.18,83.22,28.89,105.19,83.54,29.05,105.56,83.23,29.63,99.62,75.65,30.01,102.64,60.53,46.71,103.93,73.69,64.32,87.54,71.34,86.34
3,3.98,5992,55.27,52.67,101.23,75.57,56.03,81.17,103.43,73.74,41.75,105.22,82.21,34.43,105.42,85.69,32.97,105.98,86.40,31.15,106.31,87.30,30.52,105.79,85.21,30.18,105.36,87.19,29.05,100.25,76.12,36.93,101.93,71.65,58.07,94.37,89.45,77.20
3,4.15,6005,36.75,54.79,105.14,46.01,52.22,106.57,75.49,54.93,78.86,87.98,66.96,59.77,93.10,72.18,49.97,97.74,73.89,39.30,101.56,81.19,32.50,104.97,82.69,29.06,103.37,85.76,29.63,101.37,78.21,58.60,93.73,69.06,73.49,90.11,75.66,83.47
3,4.32,6011,25.98,56.08,117.81,39.83,49.36,111.43,65.16,52.20,94.34,71.94,58.23,82.09,78.98,65.06,70.10,85.39,67.88,59.06,88.81,74.05,52.88,91.90,76.03,31.87,90.95,79.32,34.79,103.05,75.94,55.37,93.62,67.59,73.60,83.80,74.85,93.49
3,4.26,6025,31.19,47.98,114.19,24.65,56.58,122.05,59.46,63.83,96.74,82.34,80.44,79.03,89.11,89.56,62.36,96.53,101.03,48.23,102.23,108.86,41.27,105.33,112.37,36.21,95.11,107.38,47.36,103.47,84.69,70.74,90.47,65.98,79.58,74.72,54.42,86.07
3,4.32,6036,27.85,52.94,120.17,29.38,56.73,115.17,79.90,77.03,69.13,96.26,93.63,55.02,98.01,101.81,45.92,99.55,103.37,44.00,98.96,110.91,43.13,101.62,113.35,33.49,87.94,100.67,51.51,95.00,80.38,67.65,99.53,72.61,84.10,94.13,58.48,93.14
3,4.26,6048,28.08,56.22,110.82,42.45,64.89,92.35,92.08,86.77,45.81,106.02,99.76,37.32,106.04,104.74,31.43,105.79,108.77,30.27,105.32,115.25,30.98,105.26,114.47,35.10,83.98,101.76,63.47,99.30,81.97,77.97,98.49,74.79,94.98,94.60,67.94,96.72
3,4.20,6059,22.37,62.86,114.88,53.05,67.30,81.15,98.92,91.47,43.86,103.42,98.76,36.61,105.51,101.13,29.98,105.25,106.02,29.05,105.10,109.19,30.65,105.62,109.21,32.63,102.57,85.07,52.68,91.23,78.52,58.38,83.36,62.58,74.84,75.16,77.16,81.17
3,3.90,6070,41.06,54.63,104.30,48.64,62.95,88.04,93.67,88.38,45.33,100.71,96.22,39.65,102.32,105.00,32.67,102.68,109.31,30.68,104.63,115.11,28.95,106.45,123.23,35.16,98.69,93.62,66.92,103.01,82.57,69.50,94.27,75.36,73.40,81.92,85.01,78.48
3,3.71,6081,66.94,51.92,101.68,46.49,57.10,95.93,79.77,81.07,55.01,102.21,101.10,38.65,103.31,107.72,32.31,101.62,112.56,31.78,103.41,122.60,32.82,92.60,118.65,49.98,96.67,92.63,74.69,102.47,83.19,70.34,99.69,72.87,66.39,83.69,75.43,85.66
3,3.51,6093,55.54,64.08,84.89,73.48,73.56,58.96,101.54,101.49,38.73,104.63,109.58,33.44,105.69,118.54,28.52,105.27,125.00,28.97,103.09,127.48,38.59,93.16,103.25,85.47,96.96,84.77,101.15,100.39,80.78,101.82,95.74,65.99,101.49,86.30,61.95,106.80
3,3.11,6117,48.71,53.85,107.84,58.08,62.94,85.27,87.13,85.36,54.09,102.81,101.49,39.46,105.90,107.28,31.83,104.89,112.30,31.91,97.25,115.25,47.81,89.96,99.86,88.27,85.91,80.85,111.74,97.90,74.08,97.89,98.81,74.98,89.89,87.26,74.91,93.95
3,2.89,6130,46.76,54.90,97.23,68.91,61.43,98.52,96.88,85.55,48.53,105.58,101.54,39.18,105.33,106.87,34.02,105.34,109.04,32.51,105.04,117.26,34.44,94.26,103.41,69.61,88.84,81.11,104.76,101.20,75.43,83.04,102.52,69.99,77.81,89.03,55.74,86.21
3,2.77,6143,29.22,51.27,122.78,62.28,56.93,100.87,100.46,77.00,61.69,106.14,92.32,49.82,101.42,96.61,44.45,97.11,99.51,44.44,94.12,104.56,50.67,85.53,93.87,80.60,89.79,77.87,112.50,98.27,79.85,87.39,104.18,78.22,73.61,92.29,71.96,71.89
3,2.63,6161,31.29,47.47,125.67,40.65,58.29,112.27,88.39,73.94,58.83,105.46,91.24,38.95,105.82,96.82,34.20,105.84,104.17,31.80,99.62,107.84,46.17,92.84,89.22,102.81,88.01,75.10,127.55,90.57,71.65,108.17,104.83,67.77,81.34,97.03,68.82,78.70
3,2.60,6169,27.00,51.99,133.02,38.65,57.84,115.22,92.79,80.65,56.00,105.72,97.85,40.79,105.78,103.17,36.18,104.28,109.35,38.49,102.13,119.32,47.07,98.93,97.55,97.88,96.43,79.24,125.01,97.07,74.28,110.33,105.53,72.27,96.80,102.03,68.04,85.24
3,2.63,6179,33.60,50.92,130.96,34.63,62.32,118.43,90.25,81.37,62.60,100.32,96.92,47.85,105.24,104.83,36.27,105.62,115.24,37.43,99.00,121.11,53.78,96.58,101.92,80.14,92.90,77.99,118.43,98.09,78.54,106.72,105.16,70.37,97.38,96.58,62.09,92.70
3,2.82,6190,43.20,54.83,116.72,88.72,63.81,66.05,104.80,77.08,41.10,105.57,89.81,32.11,104.93,94.44,29.41,101.03,96.09,41.80,96.25,95.72,67.95,94.86,78.95,108.97,84.58,69.86,120.25,90.65,68.12,84.72,103.40,69.41,73.07,91.05,65.89,98.89
3,2.89,6201,53.27,48.15,109.31,63.43,51.03,110.43,75.93,54.39,90.17,84.82,66.02,64.55,92.83,71.05,51.27,92.41,71.50,52.69,83.89,66.79,60.98,86.55,69.05,75.83,84.56,62.78,90.66,94.24,75.91,75.13,103.78,84.37,68.66,93.85,76.86,76.35
3,2.97,6213,78.29,50.69,85.92,92.90,52.96,88.16,101.19,67.67,55.25,104.15,80.27,39.86,104.85,84.99,34.65,105.50,86.17,32.41,96.75,79.51,39.14,87.05,73.40,67.97,79.28,54.83,76.09,98.66,74.00,62.76,102.38,82.69,61.73,83.57,80.53,82.59
3,3.42,6226,74.34,50.35,86.55,92.48,58.99,76.02,101.61,73.37,47.15,104.88,83.58,38.53,105.30,88.70,34.46,104.95,89.58,31.37,100.50,86.67,33.29,84.36,76.24,57.10,92.28,65.92,51.38,101.55,74.79,51.18,98.62,79.66,55.06,83.04,94.27,77.89
3,3.64,6238,72.37,49.64,89.23,56.47,49.15,94.36,90.29,67.65,59.89,102.59,80.00,41.72,105.13,88.44,34.40,104.52,89.96,31.17,99.95,85.27,34.95,85.76,75.89,41.19,96.63,71.34,46.86,97.37,65.22,57.76,96.30,72.68,68.02,86.01,90.86,78.12
3,4.07,6249,50.90,51.31,95.31,65.75,54.89,85.32,101.06,77.10,43.83,104.94,85.94,35.14,104.99,90.94,32.67,104.94,88.67,31.02,101.74,86.71,30.45,90.48,80.83,33.52,98.46,75.61,54.33,92.83,64.36,68.62,95.27,70.85,76.03,94.25,87.17,74.05
3,4.26,6261,51.29,47.25,95.37,44.49,51.79,100.35,78.00,57.94,73.72,91.58,72.06,54.42,102.44,82.30,37.16,104.60,85.44,31.67,103.43,85.60,28.94,99.75,81.99,25.24,94.60,75.30,35.35,98.78,59.97,50.89,98.77,68.47,65.88,100.74,81.81,71.27
3,4.62,6274,35.65,50.01,105.87,52.06,50.36,100.62,81.51,60.88,69.57,91.30,69.09,54.85,100.35,77.61,39.01,105.07,83.56,30.52,103.00,82.16,27.29,102.83,82.74,25.36,96.13,80.18,33.85,101.28,70.94,49.20,81.02,67.34,67.29,76.70,80.57,68.54
3,4.90,6285,24.79,55.12,115.94,47.22,45.19,109.24,65.11,51.11,90.79,74.71,58.62,74.58,81.10,64.85,62.86,85.14,67.25,52.46,88.01,77.32,30.10,101.81,87.24,25.61,98.72,83.54,36.73,102.33,76.73,59.89,84.75,62.57,77.28,89.45,67.15,87.91
3,4.75,6296,24.67,54.70,116.86,41.06,50.95,107.27,81.22,62.63,70.60,88.91,76.03,60.47,94.44,85.17,50.46,95.59,86.99,46.34,93.03,96.88,37.84,103.54,98.58,33.13,101.50,89.93,60.20,104.08,80.74,74.72,80.90,56.53,84.37,83.95,55.08,87.20
3,4.75,6307,21.46,58.32,123.44,48.67,57.35,99.92,92.69,82.66,57.21,99.57,97.02,50.40,102.54,100.88,40.69,102.97,107.95,37.04,104.25,108.49,32.82,106.20,121.25,33.71,103.10,115.28,42.26,105.10,87.51,84.47,90.63,66.87,82.48,90.03,55.49,87.00
3,4.52,6318,22.49,54.94,126.22,38.35,59.06,104.94,86.43,82.93,62.26,97.96,98.88,52.73,103.15,104.13,40.21,103.17,109.71,39.83,100.61,116.45,38.67,102.97,129.52,35.79,106.81,119.25,56.27,105.81,84.41,80.30,97.00,73.26,88.75,94.69,58.37,88.61
3,4.26,6329,37.49,46.28,109.62,35.87,65.46,100.91,88.21,85.40,48.15,105.06,104.83,39.24,107.33,111.28,32.76,106.90,117.79,31.23,106.63,121.98,29.85,106.57,133.71,35.37,108.24,119.19,60.02,105.59,82.08,77.49,99.19,69.05,82.24,83.76,54.09,102.84
3,3.71,6341,82.56,51.24,103.09,64.17,64.87,87.72,93.80,85.52,47.02,105.24,100.55,37.18,106.32,106.95,30.53,106.06,107.76,29.13,106.49,116.70,31.18,98.16,119.82,47.27,98.75,90.61,75.77,104.70,77.94,76.01,103.49,79.59,75.02,81.73,62.85,95.33
3,3.51,6352,67.03,55.39,110.32,84.47,70.97,68.81,98.48,87.19,49.64,104.37,99.88,37.41,107.21,103.35,32.06,106.81,107.34,30.54,102.39,116.37,41.51,94.97,112.87,57.10,92.49,86.21,86.40,104.78,77.01,72.58,103.51,77.14,73.65,87.76,68.26,87.11
3,3.07,6364,43.54,58.11,116.52,60.40,60.42,99.58,101.60,85.73,48.46,106.98,99.02,38.83,106.53,108.86,31.39,106.40,109.19,30.79,105.56,114.60,34.31,96.49,107.46,65.87,84.10,77.55,102.64,96.43,69.30,81.53,102.86,65.85,73.58,82.05,54.90,82.64
3,2.80,6373,23.58,59.78,128.02,71.99,68.86,75.32,102.13,93.41,46.63,106.77,105.35,35.19,106.73,109.76,32.03,106.32,112.78,31.76,98.84,113.66,49.26,85.79,83.81,103.34,78.51,69.29,115.68,87.28,71.61,79.94,102.76,69.67,62.05,79.11,60.04,69.23
3,2.54,6384,32.08,52.54,119.88,62.00,65.33,80.53,91.29,84.32,50.70,95.44,92.40,44.23,95.56,99.67,42.46,93.18,101.44,46.57,89.84,109.76,57.54,86.97,90.20,94.58,85.86,72.26,105.63,90.11,70.52,91.29,102.17,64.36,71.43,89.23,56.56,69.21
3,2.21,6394,46.49,54.19,91.75,62.00,70.70,73.33,103.58,103.56,43.10,106.83,113.65,34.51,106.80,118.91,33.43,106.78,123.83,33.06,102.84,122.32,55.86,98.90,86.22,115.33,97.82,80.27,115.06,95.14,70.75,111.22,96.76,63.21,90.98,87.76,61.84,83.44
3,2.10,6404,46.30,51.50,87.90,73.89,73.78,63.80,100.62,99.95,48.15,106.91,114.03,38.12,106.97,120.49,36.02,107.18,129.44,36.02,101.73,113.58,70.15,99.34,84.46,113.52,99.00,78.90,105.47,95.24,69.44,108.04,95.91,66.44,88.76,90.51,62.27,87.29
3,1.98,6417,49.52,57.83,106.57,79.38,71.39,64.97,104.71,89.94,40.27,105.83,96.51,37.93,104.50,100.82,33.51,95.40,98.94,58.18,86.50,80.49,106.35,81.41,69.81,121.00,72.62,59.78,126.52,67.38,60.86,133.80,79.67,66.05,97.29,94.09,70.96,79.01
3,1.83,6428,45.36,50.44,122.32,85.38,65.17,77.28,99.17,82.53,55.48,105.78,91.43,41.44,106.37,94.33,34.09,103.73,97.70,43.70,96.38,78.07,100.44,90.19,70.00,113.83,80.37,68.49,117.28,76.08,66.04,119.15,78.20,64.65,96.53,102.07,64.52,61.32
3,1.67,6439,127.34,73.27,108.38,79.26,61.16,112.42,74.46,66.35,100.65,88.66,76.12,71.06,84.25,78.84,75.94,79.38,83.99,84.76,82.51,77.06,108.47,83.51,63.78,133.02,78.72,64.03,125.08,79.31,56.98,117.16,71.67,54.94,110.35,98.73,64.51,66.71
3,1.67,6449,120.69,68.30,124.07,100.80,73.42,89.66,88.67,78.78,82.42,95.54,89.50,57.88,99.05,93.94,52.53,92.83,102.06,63.16,94.74,100.44,73.81,97.40,71.29,106.96,98.95,66.36,105.60,92.82,59.27,112.53,79.81,53.13,119.59,88.43,56.69,82.12
3,1.71,6459,121.27,75.39,113.43,83.86,68.78,83.60,91.00,76.76,72.03,99.27,88.22,51.75,100.68,91.19,45.91,93.11,97.66,59.73,93.68,97.03,61.28,94.41,68.88,89.73,94.85,63.92,99.55,90.15,59.02,105.38,81.89,57.29,115.30,89.33,55.66,84.32
3,1.99,6468,52.90,49.30,132.39,79.27,55.31,76.87,89.83,63.47,58.25,82.86,66.14,71.04,75.62,70.52,85.83,76.17,77.60,83.73,80.94,74.16,104.76,76.46,60.70,119.48,75.03,57.61,118.71,81.86,54.64,111.36,88.12,56.58,107.75,91.57,57.54,101.26
3,2.10,6479,68.28,52.79,106.20,81.51,57.85,75.70,85.20,62.14,66.10,84.03,63.10,65.43,80.46,62.44,70.93,82.09,71.99,87.88,89.99,66.24,108.93,83.69,62.83,123.96,83.64,67.17,125.36,86.96,75.95,119.35,95.73,79.80,101.72,104.57,86.29,108.77
3,2.15,6488,67.29,42.20,122.79,59.39,47.69,118.30,66.86,54.95,98.11,80.58,59.40,76.13,103.01,62.16,60.28,101.02,61.13,65.96,85.79,64.00,82.56,80.82,56.96,98.53,80.81,66.07,114.39,86.94,79.15,108.44,97.18,78.15,86.24,99.19,78.94,93.41
3,2.26,6499,70.78,49.98,98.25,86.57,58.77,74.21,99.37,68.80,44.93,103.33,75.75,34.02,104.75,81.62,30.47,97.68,75.02,40.97,88.70,67.81,74.38,81.32,55.56,96.48,75.83,65.88,113.43,70.93,68.67,108.48,96.24,69.61,69.89,90.44,75.07,81.19
3,2.48,6509,57.50,49.26,102.68,79.18,61.44,81.75,98.75,72.09,51.02,105.01,78.27,38.07,104.73,80.86,38.58,91.63,79.01,41.63,101.32,80.82,40.71,88.37,68.94,60.60,69.67,59.19,99.40,69.52,68.89,87.19,99.60,69.99,56.35,86.05,66.94,79.25
3,2.74,6520,61.10,55.12,68.76,97.86,71.20,44.35,104.93,83.85,35.18,105.63,89.54,30.12,104.93,89.13,29.87,103.81,86.84,30.16,104.58,89.09,27.18,88.25,77.62,43.33,78.21,57.46,69.54,92.62,74.09,59.27,100.87,79.98,60.61,86.82,77.98,83.32
3,2.72,6531,41.45,58.22,68.77,63.46,54.55,53.20,97.71,62.70,41.07,104.23,77.40,38.39,101.45,80.46,35.36,99.89,81.54,34.84,97.42,79.07,41.36,91.23,78.94,51.64,83.93,68.21,76.96,87.77,71.39,74.29,95.20,74.88,69.00,87.94,71.95,82.97
3,2.71,6541,48.08,48.29,83.00,47.17,58.90,76.12,87.82,63.90,66.59,102.10,78.85,58.97,93.74,87.85,52.11,89.41,86.07,49.08,81.24,99.59,47.01,93.06,95.80,66.08,91.20,84.27,87.15,79.71,64.37,82.15,84.80,61.16,76.09,74.66,53.85,86.77
3,2.79,6552,23.61,60.15,81.55,58.03,62.57,57.66,104.03,94.25,44.54,105.69,110.09,35.89,105.10,115.20,34.59,92.83,109.50,41.13,102.61,124.79,36.18,104.12,103.41,49.63,96.19,77.67,86.53,97.13,72.73,90.20,93.74,63.38,90.13,87.50,60.30,94.60
